episode,total_reward,steps,avg_loss,epsilon,avg_q_value,elapsed_time,eval_reward_mean,eval_reward_std
1,-1.0704825138538787,31,nan,1.0,nan,3.1000000000000014,,
2,-1.084944358824103,25,nan,1.0,nan,2.500000000000001,,
3,-1.0868655187772691,29,12.321951674837235,0.8955869907338783,4.190376996448834,2.9000000000000012,,
4,0.4749386877066444,47,9.230820381311739,0.7076077347272662,1.8419799177707423,4.699999999999999,,
5,-0.5613606198473197,42,2.07622069226279,0.5732736268885887,-0.12242479818103183,4.200000000000001,,
6,-1.0872997915023803,26,0.9314573040467349,0.5032248303978422,-0.15823357799789908,2.600000000000001,,
7,-0.5372146711871479,38,0.8280380043489899,0.4159480862733536,-0.10771644069454464,3.800000000000002,,
8,-1.0793254317216423,21,0.8103743781406317,0.3743896431025813,0.12956223518748367,2.1000000000000005,,
9,-0.5720091450960353,25,0.7297828348660416,0.3302941218954743,0.5872592085265489,2.500000000000001,,
10,-0.5655816761948927,27,1.0701780809980523,0.2884855236625661,0.8989747028812913,2.700000000000001,,
11,-1.0809996147993406,24,0.963977080006614,0.25578670228422234,0.6397090787563494,2.400000000000001,,
12,-1.0927756480495114,32,0.8696225352677751,0.2178795886667409,0.5245965936499005,3.2000000000000015,,
13,-0.005547121757675466,58,0.7060318916393787,0.16291280823111093,0.6552696815008034,5.799999999999995,,
14,-1.0736530562391764,28,0.6139794427262552,0.14157986400593744,1.055375727516004,2.800000000000001,,
15,-0.06007506759242842,27,0.6901445861923273,0.12365869841532712,0.9827431740873659,2.700000000000001,,
16,-0.5742303770066435,61,0.565837341367896,0.09108200798387568,1.1497328269758165,6.099999999999994,,
17,0.5517344630745402,59,0.561401259519027,0.0677632708131484,1.5286745178128571,5.899999999999995,,
18,-1.080938101244904,18,0.5944042057625707,0.06191698689958447,1.6208349350789037,1.8000000000000005,,
19,-1.0698811094677538,23,0.6941675153123422,0.05517478773284426,1.8235626713214557,2.3000000000000007,,
20,-1.0816791824010854,24,0.6479932273265135,0.04892091923449087,1.7187161457981925,2.400000000000001,,
21,-0.569334921346057,31,0.5085744189957029,0.0418803316354751,1.810333027487505,3.1000000000000014,,
22,-1.0788191770439728,19,0.48985179585390953,0.038075765743545126,1.8589851937410753,1.9000000000000006,,
23,0.5488251220616733,124,0.6407646358170418,0.020450816818411825,2.1683047593525875,12.399999999999972,,
24,-0.5287669695180475,36,0.5134490703629075,0.01707424722777892,2.463612788743201,3.600000000000002,,
25,-0.0035759463164741767,46,0.598092467746054,0.013558238831322046,2.5767856661594233,4.6,,
26,-1.0760078747486144,29,0.6196433684690293,0.011723913930325095,2.627387194841903,2.9000000000000012,,
27,-0.5819849830984807,20,0.7460156547318484,0.010605575411209664,2.5986244629809483,2.0000000000000004,,
28,-1.0754875482367012,21,0.6152807204619875,0.01,2.60461817417836,2.1000000000000005,,
29,-1.0744376821372617,22,0.665218286666691,0.01,2.644924295381637,2.2000000000000006,,
30,-0.5373985430535462,30,0.6538234214931606,0.01,2.6140366882958266,3.0000000000000013,,
31,-1.083924656683211,21,0.43871938067745486,0.01,2.542318885714672,2.1000000000000005,,
32,-0.5391813926048004,30,0.6612692833346551,0.01,2.807736324705096,3.0000000000000013,,
33,-0.544860883835637,28,0.4508835333292252,0.01,2.6454607233520937,2.800000000000001,,
34,-0.5483986566150232,28,0.5915723122106018,0.01,2.840391324530549,2.800000000000001,,
35,-1.0748593443226222,21,0.5618644442296664,0.01,2.60762283977852,2.1000000000000005,,
36,-1.0725969578206909,28,0.5480374707676187,0.01,2.8111223335502666,2.800000000000001,,
37,-0.57073639565464,27,0.5879397731771734,0.01,2.717074301807857,2.700000000000001,,
38,-0.5682093624681162,32,0.47279158889031403,0.01,2.7686596584778833,3.2000000000000015,,
39,-0.5756205668061396,26,0.4927238787625248,0.01,2.910182511675447,2.600000000000001,,
40,-1.0971540033470628,15,0.6007774511735938,0.01,2.938003949461759,1.5000000000000002,,
41,-1.0767577304563063,21,0.7238125847267898,0.01,3.141367223212139,2.1000000000000005,,
42,-0.577187719500488,21,0.6671715262118432,0.01,2.983069249032556,2.1000000000000005,,
43,-0.5684864216850016,34,0.6075544514010132,0.01,2.944802532597266,3.4000000000000017,,
44,-0.5785305876481952,19,0.5697917829094635,0.01,2.998559948496586,1.9000000000000006,,
45,-0.009667558925161801,40,0.5452333242456824,0.01,3.021727275678675,4.000000000000002,,
46,0.0024234629390769147,43,0.7514049409508234,0.01,2.9885516730313886,4.300000000000001,,
47,-0.5372039910987765,30,0.5785457518761932,0.01,2.947761326588,3.0000000000000013,,
48,-0.5577985553659771,52,0.6807734772961359,0.01,2.9419852050737325,5.1999999999999975,,
49,0.004028456172481709,51,0.57296572582782,0.01,3.0097890332141284,5.099999999999998,,
50,-0.5537134677003321,27,0.5802296267261141,0.01,2.9990702315961015,2.700000000000001,-0.3800709842391359,0.2688282005044676
51,-0.5658874095328355,38,0.5281361116701663,0.01,2.9563582892810922,3.800000000000002,,
52,-0.5600064995601279,24,0.5449219366073161,0.01,2.8761063932618938,2.400000000000001,,
53,-1.074835054448982,276,0.47767138017610417,0.01,2.6368701972022435,27.600000000000122,,
54,-0.5332685126159113,147,0.4080679084632193,0.01,2.30142457781854,14.699999999999964,,
55,0.0062870947977984315,47,0.34110329746543655,0.01,2.174312115117601,4.699999999999999,,
56,-0.5692902277576475,22,0.29932223246381306,0.01,2.1795675635308176,2.2000000000000006,,
57,-0.5718065644608772,38,0.32684713943257276,0.01,2.282863429245548,3.800000000000002,,
58,-0.5512024464157554,25,0.3454991025264891,0.01,2.1707241243699174,2.500000000000001,,
59,0.5206759617191077,60,0.33353124620407204,0.01,2.2042529243811173,5.999999999999995,,
60,-0.03174655392690107,33,0.38998853748791085,0.01,2.3314494433285304,3.3000000000000016,,
61,-0.5727115979798794,28,0.2730324035317934,0.01,2.2172764078792313,2.800000000000001,,
62,-0.5177484906123727,40,0.2810852538246068,0.01,2.339843144349536,4.000000000000002,,
63,-0.020587914710525013,38,0.2712340493561703,0.01,2.2282157089367454,3.800000000000002,,
64,-0.5735892875846915,25,0.3683223455237896,0.01,2.1947210164210937,2.500000000000001,,
65,-0.5705886609017716,22,0.30778949356647434,0.01,2.2879919834781552,2.2000000000000006,,
66,-1.088584986708098,20,0.344196451252981,0.01,2.2392210628844356,2.0000000000000004,,
67,-0.576707116919243,21,0.3599679787680778,0.01,2.2199234658277476,2.1000000000000005,,
68,1.1149404812409418,300,0.29951898242284775,0.01,2.425304490410402,30.000000000000156,,
69,-1.0873418964951138,18,0.36154317301134453,0.01,2.477886248735902,1.8000000000000005,,
70,-0.03325483482860281,32,0.35980608640502887,0.01,2.405303339150574,3.2000000000000015,,
71,-0.552739656397298,27,0.24345119125644232,0.01,2.444329313254479,2.700000000000001,,
72,0.5503337412856664,74,0.2663445910974131,0.01,2.3909210192414307,7.39999999999999,,
73,0.5094625953591696,117,0.24401870173486687,0.01,2.485592023779297,11.699999999999974,,
74,-1.072246556715181,24,0.23379876616541453,0.01,2.466844935530423,2.400000000000001,,
75,-1.0777266248020556,20,0.26411132301412826,0.01,2.4429097962137676,2.0000000000000004,,
76,-0.008422218548732818,58,0.20055270734111763,0.01,2.3312377458179334,5.799999999999995,,
77,-1.086220969558178,19,0.21675958447909785,0.01,2.31326930344857,1.9000000000000006,,
78,-0.03975637040938018,30,0.23243939569172647,0.01,2.4088492594551973,3.0000000000000013,,
79,-0.5595016501109558,26,0.2021342508589026,0.01,2.356944806717348,2.600000000000001,,
80,-1.083588008532922,23,0.21920617132420792,0.01,2.387653051568602,2.3000000000000007,,
81,-0.5554598226628249,42,0.20082641991600894,0.01,2.305805398169006,4.200000000000001,,
82,-1.0831416191643932,29,0.22867450940452774,0.01,2.362837574366168,2.9000000000000012,,
83,-0.557685316570117,29,0.18329405352478348,0.01,2.3450197698373567,2.9000000000000012,,
84,-0.5739469470597576,24,0.19981107943132062,0.01,2.382661886904191,2.400000000000001,,
85,-1.0765057244893175,19,0.29006793667782027,0.01,2.4189042093982023,1.9000000000000006,,
86,-0.02035921938960561,36,0.20320380828083748,0.01,2.3293554109180072,3.600000000000002,,
87,-0.5346207310602484,38,0.21107771134276473,0.01,2.2644988278684957,3.800000000000002,,
88,0.544302703268262,300,0.17042540902245532,0.01,2.184185972381596,30.000000000000156,,
89,0.5363902074340441,81,0.15802807598417434,0.01,2.143998985512994,8.099999999999987,,
90,-0.56202351271712,55,0.17441423070035864,0.01,2.010401986987601,5.4999999999999964,,
91,0.0006213594799185373,300,0.15506680985186735,0.01,2.0289798630409,30.000000000000156,,
92,-0.006205359652256881,44,0.1231847534055622,0.01,2.0199687068572527,4.4,,
93,-0.027103848572870737,53,0.1292430315238854,0.01,2.003396017857727,5.299999999999997,,
94,-1.074129795771219,23,0.13206393236345768,0.01,2.0436882346531995,2.3000000000000007,,
95,-0.026036749317438268,162,0.12549506383796477,0.01,2.0728264137078947,16.19999999999996,,
96,-0.5433972026926213,273,0.11510269231118599,0.01,2.005658403964586,27.300000000000118,,
97,-1.0749162311907094,23,0.09597572534843964,0.01,1.9187639164751928,2.3000000000000007,,
98,-0.5725233120142839,27,0.1063631620108496,0.01,1.9059968396103673,2.700000000000001,,
99,-1.0765839262175014,59,0.10918829915625516,0.01,1.9465821636804337,5.899999999999995,,
100,-1.0772275845455592,30,0.10632310096777407,0.01,1.9136713734221447,3.0000000000000013,-0.5503621558758583,0.43088068323954937
101,-1.071604200940705,22,0.1006994434566617,0.01,1.8848795351926,2.2000000000000006,,
102,-0.5809334782324,21,0.06698216228224722,0.01,1.956984962301704,2.1000000000000005,,
103,-0.5647863216829665,31,0.08825608041117569,0.01,1.8981752448288518,3.1000000000000014,,
104,-0.5543416026431647,39,0.12175068418867345,0.01,1.8606010764451055,3.900000000000002,,
105,-0.06925704936981747,28,0.08003820248861357,0.01,1.7853426801160133,2.800000000000001,,
106,-0.028526440871616154,38,0.11441694853930551,0.01,1.8321894923416577,3.800000000000002,,
107,-0.010306391484865784,111,0.09599448595871032,0.01,1.8373639474651808,11.099999999999977,,
108,0.0008330729709156159,300,0.09263879473361569,0.01,1.812504881536639,30.000000000000156,,
109,-1.0762541987459133,21,0.07425590440081298,0.01,1.732036759712889,2.1000000000000005,,
110,-0.5623336544841357,32,0.09738791629407895,0.01,1.7443581784930327,3.2000000000000015,,
111,-1.0786902259706346,28,0.08887056780668796,0.01,1.822536917105039,2.800000000000001,,
112,-0.5638676320360343,34,0.0988656550156817,0.01,1.7791097328640795,3.4000000000000017,,
113,-1.0716837169516156,166,0.08097311972554913,0.01,1.6855879555254452,16.599999999999966,,
114,-0.06954176067347098,26,0.09010244618854113,0.01,1.6836944916909444,2.600000000000001,,
115,-0.027870593700341617,31,0.0954923398574029,0.01,1.7078383452397519,3.1000000000000014,,
116,0.001039584418095374,300,0.07331732403976536,0.01,1.6353439890529269,30.000000000000156,,
117,-0.5926188835869051,16,0.061421481245972215,0.01,1.616148873636146,1.6000000000000003,,
118,-0.5550147901978333,35,0.08425415980345496,0.01,1.591667575266279,3.5000000000000018,,
119,-1.0750809434651372,22,0.06405996406688565,0.01,1.5790798141721192,2.2000000000000006,,
120,-0.5629580246790287,37,0.07168675369322472,0.01,1.5927750395351143,3.700000000000002,,
121,-0.5794549308027201,21,0.047551215803105173,0.01,1.6270910725296386,2.1000000000000005,,
122,0.00041640630424893965,300,0.07050495317274627,0.01,1.5524514663274587,30.000000000000156,,
123,-0.5568782643544542,117,0.059936840598332985,0.01,1.5039606494218112,11.699999999999974,,
124,0.00041640630424888414,300,0.05571557841865784,0.01,1.4505600538386132,30.000000000000156,,
125,-0.005567891908676126,46,0.057542717687130554,0.01,1.4266348203881705,4.6,,
126,-1.0771842953318347,24,0.05374877523186657,0.01,1.4490931774191331,2.400000000000001,,
127,0.001247830963956198,300,0.047297127390067084,0.01,1.4615751955395544,30.000000000000156,,
128,-0.5704883677098298,34,0.045405511217153686,0.01,1.5410909384461342,3.4000000000000017,,
129,-1.0981633500968995,16,0.04947962104378717,0.01,1.4924164046372317,1.6000000000000003,,
130,-0.009535675058559345,165,0.04648526465749271,0.01,1.4861807164389464,16.499999999999964,,
131,1.0740499118540199,300,0.04131438873327993,0.01,1.4724057481827821,30.000000000000156,,
132,0.49421692119837446,80,0.0447445103205265,0.01,1.4628150879512511,7.999999999999988,,
133,-0.5398021611192474,31,0.04530538394142364,0.01,1.4108433423532305,3.1000000000000014,,
134,-0.022262232463764464,73,0.041736508431621765,0.01,1.4332382752168042,7.29999999999999,,
135,-0.5677541286894218,39,0.036056071998458526,0.01,1.4220696919300548,3.900000000000002,,
136,0.0,300,0.037665168231883366,0.01,1.3713317709986,30.000000000000156,,
137,-0.5647835722413436,32,0.0378502726686598,0.01,1.3816360957277334,3.2000000000000015,,
138,-1.0958323302245971,17,0.04586621555531655,0.01,1.3533294303238,1.7000000000000004,,
139,0.5281085647550356,300,0.03272465642833266,0.01,1.3583098627260985,30.000000000000156,,
140,1.095525863309057,300,0.030832896336336273,0.01,1.35672653862481,30.000000000000156,,
141,0.5444181680685178,300,0.02841074517165057,0.01,1.3611254340224865,30.000000000000156,,
142,1.62870797754106,300,0.028245084010001004,0.01,1.3680089816682468,30.000000000000156,,
143,-0.5331133387931386,241,0.025175217685869833,0.01,1.3401415747026968,24.100000000000072,,
144,1.0670870231755571,300,0.021341833186775912,0.01,1.3071357654187008,30.000000000000156,,
145,0.0,300,0.019644852535557318,0.01,1.290507770283667,30.000000000000156,,
146,1.0930139120351074,300,0.015369797203949442,0.01,1.2481981273439196,30.000000000000156,,
147,0.4855951894162629,93,0.015815227731909336,0.01,1.2325323335267535,9.299999999999983,,
148,-0.5674020284311296,40,0.015325469254520696,0.01,1.208307604606095,4.000000000000002,,
149,0.00041536550534854166,300,0.01292939162497798,0.01,1.1868442116366607,30.000000000000156,,
150,-0.5787257748936844,24,0.010375195174638668,0.01,1.2025641476181508,2.400000000000001,0.16527879632984133,0.23359240097876988
151,-1.0875078552157673,24,0.011432458197271211,0.01,1.1598105608868614,2.400000000000001,,
152,-0.551515736080715,242,0.01046851122736852,0.01,1.1569429105972342,24.200000000000074,,
153,-1.0933904393786382,252,0.008999050773868663,0.01,1.138247010356947,25.200000000000088,,
154,-0.03243037467985799,77,0.010187497831533976,0.01,1.135020908606852,7.699999999999989,,
155,0.4893140917762433,114,0.009582985181300926,0.01,1.1513890703043683,11.399999999999975,,
156,1.0806190187979061,300,0.010501053312455709,0.01,1.1445667624351703,30.000000000000156,,
157,0.5434841976551865,300,0.008424529685478813,0.01,1.1427138261298304,30.000000000000156,,
158,-1.086008784151115,56,0.005432822639310226,0.01,1.1367507811639066,5.599999999999996,,
159,0.006658335069299748,300,0.00789240125255999,0.01,1.0945747725931076,30.000000000000156,,
160,-1.0805176606654416,162,0.007453392588877004,0.01,1.0602337336089964,16.19999999999996,,
161,-0.5447371648685901,68,0.006283270089062094,0.01,1.044003383681702,6.799999999999992,,
162,0.00776805758084971,300,0.007102290050592647,0.01,1.0489198979432142,30.000000000000156,,
163,-0.017568723464610914,41,0.005893559393438024,0.01,1.0196083114317163,4.100000000000001,,
164,0.014166666666666161,300,0.007059194698139072,0.01,1.0411187366102603,30.000000000000156,,
165,0.003594760688167886,50,0.007026321114930096,0.01,1.0162039203354252,4.999999999999998,,
166,0.022221961859804032,300,0.006130753376551969,0.01,1.0190320108036146,30.000000000000156,,
167,-1.0823863986757989,47,0.006185523439663088,0.01,0.9867748304223237,4.699999999999999,,
168,-0.582320999297997,25,0.007424462189370559,0.01,0.9993281612726713,2.500000000000001,,
169,0.02520833333333275,300,0.006294195998392643,0.01,1.0026826095458976,30.000000000000156,,
170,-0.5951300526643724,52,0.008699949480895947,0.01,0.9936803769685135,5.1999999999999975,,
171,0.018520578612372662,300,0.006599006922907824,0.01,1.0040941549450784,30.000000000000156,,
172,0.5289058871293556,300,0.005977689226362766,0.01,1.037523183785354,30.000000000000156,,
173,-0.5586951506659965,84,0.006110962856852382,0.01,1.0214609783287283,8.399999999999986,,
174,0.5534898719116033,300,0.004945855349985382,0.01,1.0435350175462597,30.000000000000156,,
175,-1.0753555957086545,23,0.006540680479917645,0.01,1.0275177066328696,2.3000000000000007,,
176,-0.5695840035860028,44,0.005717054974509319,0.01,1.0555351210660868,4.4,,
177,-1.094291283151512,18,0.004100600894423095,0.01,1.0515727140769837,1.8000000000000005,,
178,1.0812263378604263,300,0.005813713784123982,0.01,1.0699772085887946,30.000000000000156,,
179,-1.079068055305393,30,0.007398107339335405,0.01,1.078821527600108,3.0000000000000013,,
180,-1.0949191742263586,20,0.004652672616977362,0.01,1.0329614102282179,2.0000000000000004,,
181,0.00041640630424893965,300,0.005250222159914683,0.01,1.0534059568665963,30.000000000000156,,
182,-1.0829926076966785,27,0.004395369309599093,0.01,1.0463283670593004,2.700000000000001,,
183,0.005820988864943644,53,0.0072733539172621315,0.01,1.0420274175595095,5.299999999999997,,
184,0.5539607727094382,300,0.005432937998519303,0.01,1.0343809427755206,30.000000000000156,,
185,0.5168381184442721,76,0.005249780747713633,0.01,1.0076100739222162,7.599999999999989,,
186,-0.5694884630806898,100,0.0056341006013952265,0.01,1.0020456660379913,9.99999999999998,,
187,0.4755401159434789,77,0.00504653241691094,0.01,0.9800613078225742,7.699999999999989,,
188,-0.5632248072044581,232,0.005494210769574953,0.01,0.9706204103924502,23.20000000000006,,
189,-1.0743600661074622,29,0.004524265716488122,0.01,0.9729681278418824,2.9000000000000012,,
190,-1.07507731037648,23,0.006146669176406644,0.01,0.9384347363691706,2.3000000000000007,,
191,0.00020807297091557375,300,0.005199001095334131,0.01,0.9158882278430169,30.000000000000156,,
192,0.0006226580397814541,300,0.004501008001584846,0.01,0.8788620188645302,30.000000000000156,,
193,-0.5232621290454949,266,0.0047807888273728935,0.01,0.8595393613277299,26.600000000000108,,
194,-1.0647832764531342,189,0.005274715751802739,0.01,0.8296553072663837,18.9,,
195,0.45900585019854456,154,0.0037871016448336385,0.01,0.8202961333595479,15.399999999999961,,
196,0.01373394496834468,300,0.0049449511997065,0.01,0.8356080266917161,30.000000000000156,,
197,1.6109096570900991,300,0.004373948374862696,0.01,0.8334785324001258,30.000000000000156,,
198,-0.5740387512997673,88,0.004720382469276745,0.01,0.7998083777375998,8.799999999999985,,
199,0.00104053842952323,300,0.00417876762531809,0.01,0.8094512194692199,30.000000000000156,,
200,-0.5268341158826376,291,0.00496968805885842,0.01,0.7864976420009675,29.100000000000144,-0.5442077968971722,0.44887904817040125
201,0.5486711450508541,300,0.004935747725480327,0.01,0.7774428990706764,30.000000000000156,,
202,0.564797383212071,300,0.004929475015555105,0.01,0.7758223943752678,30.000000000000156,,
203,-0.5534474563721046,72,0.00544529295055571,0.01,0.7815353059491424,7.19999999999999,,
204,-0.041032817392896215,96,0.005044349114490829,0.01,0.7549129050507107,9.599999999999982,,
205,-0.5728691537628983,45,0.005676651175403753,0.01,0.7590156285536019,4.5,,
206,0.001031533991538769,300,0.004741891786046331,0.01,0.7370084497964294,30.000000000000156,,
207,0.0,300,0.005110468430701262,0.01,0.7073125871871381,30.000000000000156,,
208,0.00020807297091557375,300,0.004124656802344547,0.01,0.6812098962382452,30.000000000000156,,
209,0.01607401487396487,92,0.004429709644570935,0.01,0.6923292906875052,9.199999999999983,,
210,-1.077187719500488,21,0.008379677620791004,0.01,0.6839454760215653,2.1000000000000005,,
211,0.006041666666666667,300,0.004978232688450793,0.01,0.6805149015778033,30.000000000000156,,
212,0.5451075113539404,300,0.003750581971962828,0.01,0.6723128299413202,30.000000000000156,,
213,-0.5703875877425195,181,0.004987850475680754,0.01,0.6490772448842678,18.099999999999987,,
214,0.5017883228934206,53,0.004374927317784473,0.01,0.6431247797905182,5.299999999999997,,
215,0.5204027296521643,62,0.00312847709615587,0.01,0.6121358823822639,6.199999999999994,,
216,0.5152777777777791,300,0.004507563596042553,0.01,0.6023021555710495,30.000000000000156,,
217,0.00062473963758225,300,0.005613069979176641,0.01,0.5942213100030075,30.000000000000156,,
218,2.070741336790416e-06,300,0.004544468416942125,0.01,0.6095330970960119,30.000000000000156,,
219,0.5322551811571268,300,0.005389939770598504,0.01,0.5973956832575993,30.000000000000156,,
220,0.5243055555555576,300,0.004830239002562356,0.01,0.5731300216525879,30.000000000000156,,
221,0.5459065122949949,300,0.004215944574633004,0.01,0.5489584143505314,30.000000000000156,,
222,0.5408528749810492,300,0.004161287783373642,0.01,0.560509087988439,30.000000000000156,,
223,0.49773949073277834,125,0.004087507840833258,0.01,0.5715254204185242,12.499999999999972,,
224,0.5528168819611854,300,0.004332894498315983,0.01,0.5667331800661083,30.000000000000156,,
225,-0.5433293296724977,32,0.003941677099080784,0.01,0.5422960655299395,3.2000000000000015,,
226,-0.5734493268745723,24,0.004534126229737785,0.01,0.5216312179442429,2.400000000000001,,
227,-1.0971836300104802,151,0.003863450523094867,0.01,0.5213765186631794,15.099999999999962,,
228,0.0,300,0.005285030938811581,0.01,0.5363834254628197,30.000000000000156,,
229,1.1075081270006395,300,0.004513981098674048,0.01,0.5587913033945625,30.000000000000156,,
230,0.014975709916753954,300,0.0046477132233617,0.01,0.5386139575078885,30.000000000000156,,
231,-1.089068079365061,102,0.004633760258743574,0.01,0.5482809585435965,10.19999999999998,,
232,0.5187265673824055,300,0.004386439003486187,0.01,0.5513892698127195,30.000000000000156,,
233,0.5173680285573787,66,0.0042393245562251805,0.01,0.555026063670577,6.5999999999999925,,
234,0.5229813038291218,65,0.0031629477234418057,0.01,0.5529417225201907,6.499999999999993,,
235,0.018752401003091557,300,0.004704772780090839,0.01,0.5534413099773011,30.000000000000156,,
236,-0.5783525990947156,237,0.004174384685558218,0.01,0.5643773159949893,23.700000000000067,,
237,-1.0561507362472662,147,0.004422094506921413,0.01,0.5646361441980168,14.699999999999964,,
238,-1.0797153259971577,32,0.005800471886253993,0.01,0.5701179613548244,3.2000000000000015,,
239,0.006935765697187235,300,0.004442524224595105,0.01,0.5588688069653316,30.000000000000156,,
240,-0.5608846561700752,46,0.005836064239488734,0.01,0.5652097119032065,4.6,,
241,0.0010377657841675325,300,0.004541995731689041,0.01,0.5581747929725895,30.000000000000156,,
242,0.5083677758313466,300,0.004425419246710066,0.01,0.5439887667463228,30.000000000000156,,
243,0.5389360703912303,300,0.0038720024715968005,0.01,0.5662465764532516,30.000000000000156,,
244,0.4946465830119624,114,0.00505125951688637,0.01,0.572946408163154,11.399999999999975,,
245,-1.0809031086920682,34,0.0047626871153780255,0.01,0.5441955206822082,3.4000000000000017,,
246,-1.0692219418749476,33,0.00379245154571172,0.01,0.5597405657047432,3.3000000000000016,,
247,1.073942030581264,300,0.0037680097923627224,0.01,0.5474104861164372,30.000000000000156,,
248,0.5161105630962228,300,0.0042006870406178926,0.01,0.5674301911063604,30.000000000000156,,
249,-1.0946121445132013,46,0.005362556282327599,0.01,0.5846185820263142,4.6,,
250,0.5395344425304742,300,0.004132334213401239,0.01,0.5586505156145267,30.000000000000156,0.5348271596226372,0.015671860701882215
251,0.5232475183465717,300,0.0038900618709825094,0.01,0.5610128224072817,30.000000000000156,,
252,0.001038023762053475,300,0.003763140611193912,0.01,0.5658976892422313,30.000000000000156,,
253,0.00020807297091557375,300,0.003714977930802102,0.01,0.565869696527028,30.000000000000156,,
254,0.0013879342266905903,300,0.0034639212197312657,0.01,0.5728978482425328,30.000000000000156,,
255,0.0,300,0.0030015994810862613,0.01,0.6064071328188713,30.000000000000156,,
256,1.0755528501549738,300,0.003410560461747488,0.01,0.6236800396002331,30.000000000000156,,
257,0.5066657530623437,56,0.0028432272474427267,0.01,0.6336899310508718,5.599999999999996,,
258,0.0002083333333333104,300,0.0034663783419802384,0.01,0.6409405728452284,30.000000000000156,,
259,0.5111048655014278,300,0.0038898436935852405,0.01,0.6421897148145767,30.000000000000156,,
260,0.5424862579942011,300,0.003334783028892188,0.01,0.6529036446994759,30.000000000000156,,
261,-1.0716196014431127,37,0.0047974404848373006,0.01,0.6677059869123485,3.700000000000002,,
262,0.01933290574057056,300,0.0031356306607060814,0.01,0.6528606774621504,30.000000000000156,,
263,0.47574425169895673,111,0.003360402708541056,0.01,0.6683238147000411,11.099999999999977,,
264,-0.5774200088938465,20,0.00491901783912969,0.01,0.6734195840249354,2.0000000000000004,,
265,0.007989403258091887,300,0.003173442407077164,0.01,0.6705735534337176,30.000000000000156,,
266,1.0910583580770639,300,0.003802476925316857,0.01,0.6865733188274508,30.000000000000156,,
267,0.4827502067344158,126,0.003929573945793714,0.01,0.7094494271534335,12.599999999999971,,
268,-0.5607139123382592,79,0.0038961554408746177,0.01,0.7037646185568068,7.899999999999988,,
269,0.5128040497128288,289,0.0030612301523741726,0.01,0.7091144201378221,28.90000000000014,,
270,0.533433776022644,300,0.0033621261941961843,0.01,0.7045691984108765,30.000000000000156,,
271,1.0692219863779444,300,0.003534761483895508,0.01,0.6888161997397185,30.000000000000156,,
272,-0.5407425270878511,209,0.0035658002447251686,0.01,0.6846726885680577,20.900000000000027,,
273,0.5325326135001319,300,0.0034792097766861148,0.01,0.6630627928373602,30.000000000000156,,
274,0.5478773348677504,300,0.002839072281433502,0.01,0.661982048799835,30.000000000000156,,
275,0.4961085331033779,245,0.0030037689876882857,0.01,0.6502023980563846,24.500000000000078,,
276,-1.0708737758288107,59,0.003351276582363486,0.01,0.656238799882024,5.899999999999995,,
277,0.5228501559749545,300,0.0029567573851764163,0.01,0.6468352400196209,30.000000000000156,,
278,-0.5414271559181784,36,0.002747164616257262,0.01,0.6195441329860147,3.600000000000002,,
279,0.5347484465053258,300,0.003650851621790081,0.01,0.6270368675408233,30.000000000000156,,
280,0.5383309252572446,300,0.003324213755774576,0.01,0.634548345971985,30.000000000000156,,
281,0.0008330729709156159,300,0.0030725998173684096,0.01,0.6378920722410568,30.000000000000156,,
282,-1.0893230613074278,37,0.002825755752689253,0.01,0.6542077489352229,3.700000000000002,,
283,-1.0994292108999741,255,0.0036753469382996813,0.01,0.6290912416015008,25.500000000000092,,
284,-1.060154397020206,106,0.00305391775577573,0.01,0.6333013362033488,10.599999999999978,,
285,-0.5520278961296594,167,0.002862834934174416,0.01,0.6171834180787534,16.699999999999967,,
286,-0.552341718306868,142,0.003429538173441454,0.01,0.6094472022687418,14.199999999999966,,
287,-0.5680835706616238,66,0.00457294884070982,0.01,0.5956474488086364,6.5999999999999925,,
288,-0.5514315519435949,76,0.0036435337742436284,0.01,0.6035918104734543,7.599999999999989,,
289,0.5777701288301949,300,0.0033766474569079195,0.01,0.6218413926700893,30.000000000000156,,
290,0.014333621898696969,300,0.0032210791891434114,0.01,0.6259776970832441,30.000000000000156,,
291,-0.5635556856072389,157,0.0037580646923220376,0.01,0.6037876668094547,15.69999999999996,,
292,0.0,300,0.003136767779131808,0.01,0.5762449835835285,30.000000000000156,,
293,-0.5421125757351132,32,0.0024451020648304407,0.01,0.5861481163648846,3.2000000000000015,,
294,0.5472601308408058,300,0.0027661074703052317,0.01,0.5929626705300935,30.000000000000156,,
295,-0.5361884407502395,109,0.0032324244000672903,0.01,0.5799909761244129,10.899999999999977,,
296,0.011238474809695753,300,0.003408080537844261,0.01,0.5872463910124103,30.000000000000156,,
297,-0.005179991792948924,58,0.0047376809124109135,0.01,0.5946802608009756,5.799999999999995,,
298,-1.0745798336264745,30,0.003882233073849184,0.01,0.619237897987426,3.0000000000000013,,
299,-0.5575105105459333,174,0.003366625143784278,0.01,0.5996880174880749,17.399999999999977,,
300,1.07596092830045,300,0.0036847595393880704,0.01,0.585607181250205,30.000000000000156,-0.3825548572527142,0.27622077187007094
301,0.5418308079539409,300,0.0030803666252794877,0.01,0.5733827985318712,30.000000000000156,,
302,-1.08358034828475,36,0.0040225736320346275,0.01,0.5919679088945196,3.600000000000002,,
303,-0.5385310928352993,138,0.0035607541404879283,0.01,0.604271567052847,13.799999999999967,,
304,-1.0808909291218298,38,0.0035483596693285115,0.01,0.5838562711363825,3.800000000000002,,
305,1.0859764027674295,300,0.0035525933698735347,0.01,0.5915653202812728,30.000000000000156,,
306,0.00020807297091557375,300,0.0036970226411570705,0.01,0.5945351557967559,30.000000000000156,,
307,-1.0829768187794908,44,0.0037936853373129924,0.01,0.5967461595487302,4.4,,
308,-0.5759118782065368,289,0.00385604879230054,0.01,0.5764071483854529,28.90000000000014,,
309,1.0969272339559972,300,0.0042383140033291225,0.01,0.5382386429135539,30.000000000000156,,
310,0.000416145941831203,300,0.0036652967775929967,0.01,0.5379161752657763,30.000000000000156,,
311,1.107408390313342,300,0.0035706664582882313,0.01,0.5648185869509289,30.000000000000156,,
312,0.00020807297091557375,300,0.0036371952470821743,0.01,0.5692674238460121,30.000000000000156,,
313,-0.5343712867741142,37,0.0036787148681359794,0.01,0.5516029419347194,3.700000000000002,,
314,0.00020807297091557375,300,0.003391093539736172,0.01,0.5611095856687646,30.000000000000156,,
315,-1.098365033970618,18,0.003240720888798747,0.01,0.5555625229452521,1.8000000000000005,,
316,-0.5210321566045779,42,0.0031522945908064046,0.01,0.5480175338011541,4.200000000000001,,
317,1.0819358370630054,300,0.0030953578738278963,0.01,0.5439308790706332,30.000000000000156,,
318,-1.089797626383132,44,0.004611436383319244,0.01,0.5241771667061074,4.4,,
319,0.5352091120770062,300,0.0034363740460451498,0.01,0.5294971585715016,30.000000000000156,,
320,0.00041640630424893965,300,0.002692124936126072,0.01,0.5211679696095414,30.000000000000156,,
321,-0.009391822721458443,56,0.003194387126373178,0.01,0.5213873218260925,5.599999999999996,,
322,0.014918696430661349,300,0.003963973989141781,0.01,0.5158856615555144,30.000000000000156,,
323,0.01007391244248984,300,0.0028552725595703122,0.01,0.5150412168503102,30.000000000000156,,
324,1.0783249532051702,300,0.003099315433805173,0.01,0.5242882282583311,30.000000000000156,,
325,0.0004161459418312585,300,0.002709948219418025,0.01,0.5218904928264229,30.000000000000156,,
326,-0.5720679896811426,218,0.0030562442150369458,0.01,0.5107497658119035,21.80000000000004,,
327,0.013925632200236404,300,0.0026892006695220494,0.01,0.49701615841744645,30.000000000000156,,
328,0.02053206130686336,300,0.0027477862219397204,0.01,0.4880016979182676,30.000000000000156,,
329,0.5157140809225719,300,0.002462888396692381,0.01,0.5235588343546695,30.000000000000156,,
330,0.5414133970488344,300,0.0029322263783839717,0.01,0.5233324512127023,30.000000000000156,,
331,-0.5714293423706653,45,0.002341303504885735,0.01,0.537041739829311,4.5,,
332,-0.5598336966124562,145,0.0028153412261451446,0.01,0.523286286676605,14.499999999999964,,
333,0.5408300964749535,300,0.0033871294626594854,0.01,0.5222088126637434,30.000000000000156,,
334,-0.5191572526559405,46,0.0032109307433605162,0.01,0.5298561212583411,4.6,,
335,0.5381598188260273,300,0.00238331017603443,0.01,0.5509538506024538,30.000000000000156,,
336,0.5553074149507173,300,0.002556912191191654,0.01,0.5648200003049013,30.000000000000156,,
337,-1.0734824719227931,68,0.0020535818166616464,0.01,0.5612783352551326,6.799999999999992,,
338,-0.5256047290648982,43,0.0027643648218059046,0.01,0.5629225186245037,4.300000000000001,,
339,0.008370771084225737,300,0.002696721629845668,0.01,0.553277249976457,30.000000000000156,,
340,0.5593306806467395,300,0.0025520043055380017,0.01,0.5497333404066532,30.000000000000156,,
341,0.00020807297091557375,300,0.002615449093285316,0.01,0.5553970030198301,30.000000000000156,,
342,0.014300714413567672,300,0.002496962437749028,0.01,0.5450565760507086,30.000000000000156,,
343,-0.5559843742416206,132,0.002238374273054303,0.01,0.5292185538284012,13.199999999999969,,
344,-0.5106312273843433,53,0.0023467067308858857,0.01,0.5299296913257125,5.299999999999997,,
345,0.0,300,0.0021601790660620477,0.01,0.5175996572709162,30.000000000000156,,
346,-0.57772379654996,20,0.002553453881152765,0.01,0.5195076294985952,2.0000000000000004,,
347,-1.0695097539119651,80,0.0020127871522318324,0.01,0.5114771558935791,7.999999999999988,,
348,0.004369615366985935,300,0.0025619088566988437,0.01,0.5281743871989016,30.000000000000156,,
349,0.5424504443531624,300,0.0022041561986905663,0.01,0.520723682098509,30.000000000000156,,
350,-0.011734754564545202,57,0.001830638124336917,0.01,0.5207163882451613,5.699999999999996,0.008453382444040128,0.007874486248156664
351,0.0002083333333333659,300,0.0020809208686298963,0.01,0.5377649081733706,30.000000000000156,,
352,-0.544921971067205,102,0.002078148872326672,0.01,0.5336734595986414,10.19999999999998,,
353,-0.5620475906505789,116,0.0026464105296038144,0.01,0.5223261998858031,11.599999999999975,,
354,1.095035004345676,300,0.0023351893302755358,0.01,0.5061473659736125,30.000000000000156,,
355,0.547266466874942,300,0.0027803445004675477,0.01,0.5173199496607622,30.000000000000156,,
356,0.020485853613609828,300,0.00232284363868575,0.01,0.5236297856759885,30.000000000000156,,
357,0.5393456830816925,300,0.0028766171351577623,0.01,0.5019629735825155,30.000000000000156,,
358,-0.5634681221505101,134,0.002552476813617925,0.01,0.5089024674682232,13.399999999999968,,
359,-1.078639001606775,116,0.001716201508065191,0.01,0.50292109048894,11.599999999999975,,
360,0.5414571483935953,300,0.0027190417408785067,0.01,0.49785887190486106,30.000000000000156,,
361,0.5134208719520237,300,0.002536558743863096,0.01,0.4926918277818702,30.000000000000156,,
362,0.0002083333333333659,300,0.0026054037090146045,0.01,0.49537420725876075,30.000000000000156,,
363,0.0032802821494636314,300,0.002499059895312463,0.01,0.4982556705750559,30.000000000000156,,
364,0.005018513652431278,300,0.0021186957026990603,0.01,0.4958627742716499,30.000000000000156,,
365,0.0005551216181926555,300,0.002211580626855464,0.01,0.5126820287689384,30.000000000000156,,
366,0.00020807297091562926,300,0.0024416653973312013,0.01,0.525305193241692,30.000000000000156,,
367,1.6008003866097216,300,0.0022404717158886443,0.01,0.517388261610666,30.000000000000156,,
368,-0.01078685395143264,57,0.0035375513973451116,0.01,0.5084246662336691,5.699999999999996,,
369,-1.0642921911708734,79,0.0018905551340783213,0.01,0.5157432609637541,7.899999999999988,,
370,0.5050394961027337,300,0.002391666335200499,0.01,0.5187359127604065,30.000000000000156,,
371,-0.019634928678776697,39,0.0022501259207123306,0.01,0.5204239324785764,3.900000000000002,,
372,-1.09619102275772,66,0.0023629119463462202,0.01,0.5043058832572531,6.5999999999999925,,
373,0.02263888888888871,300,0.002496814651959649,0.01,0.5237229187811219,30.000000000000156,,
374,0.0,300,0.002354495927127429,0.01,0.5367382293310005,30.000000000000156,,
375,0.5224378259475251,300,0.002169167817902585,0.01,0.5164108512466088,30.000000000000156,,
376,0.5031230739501207,74,0.004383625004767904,0.01,0.4891502323846041,7.39999999999999,,
377,-0.5754842352329658,23,0.002861410732567006,0.01,0.49569910780071524,2.3000000000000007,,
378,0.49979452468347985,68,0.003553769284126787,0.01,0.47782859641177483,6.799999999999992,,
379,0.0031178886317861365,300,0.0030795240777124477,0.01,0.49228356358649367,30.000000000000156,,
380,1.0978230653139012,300,0.0030723384668431136,0.01,0.5064268230958986,30.000000000000156,,
381,0.00020807297091557375,300,0.0031956994074248493,0.01,0.5101251179580675,30.000000000000156,,
382,-1.084888635184644,255,0.002832951647609306,0.01,0.5019477964345552,25.500000000000092,,
383,0.00020807297091557375,300,0.0027563119288648735,0.01,0.4734771772130895,30.000000000000156,,
384,0.003527441981180768,300,0.0034169187242124224,0.01,0.4777332539677883,30.000000000000156,,
385,-1.0762194851653362,223,0.0024514091049891488,0.01,0.48759639194461707,22.300000000000047,,
386,-0.565398423720956,32,0.0017473911545008618,0.01,0.46845038889180424,3.2000000000000015,,
387,-1.0755850064327752,30,0.004447087500527024,0.01,0.47693359719081524,3.0000000000000013,,
388,0.0006234384762641709,300,0.0027607406878158674,0.01,0.47195549355734356,30.000000000000156,,
389,0.0,300,0.002894117055271637,0.01,0.47978326266310795,30.000000000000156,,
390,0.007646523114651194,300,0.0026280715828052572,0.01,0.503385624005071,30.000000000000156,,
391,0.5058395034449861,300,0.002863348989065566,0.01,0.5277326046065852,30.000000000000156,,
392,0.0,300,0.0026954676466248383,0.01,0.5292445480714205,30.000000000000156,,
393,1.0717882184539085,300,0.0028247459871569122,0.01,0.5348435881186012,30.000000000000156,,
394,0.544061539253097,300,0.0025820577975851663,0.01,0.5260768843467006,30.000000000000156,,
395,-0.5260545035364301,51,0.002580217110610955,0.01,0.5267088696197965,5.099999999999998,,
396,0.0038886285264711495,300,0.0023462589497582507,0.01,0.509362681779717,30.000000000000156,,
397,0.5528473709270336,300,0.0020404964249431706,0.01,0.5089843576175409,30.000000000000156,,
398,0.005579260194425784,300,0.0019304742689927065,0.01,0.5024131981500017,30.000000000000156,,
399,-0.5741330209998772,123,0.0019173491121048537,0.01,0.5141250642139071,12.299999999999972,,
400,-0.5407876403497722,203,0.0024832270417111035,0.01,0.5129328818410771,20.30000000000002,-0.18854914898381245,0.27844495732075286
401,1.0650757351002467,300,0.0022287842711304928,0.01,0.5259518806969061,30.000000000000156,,
402,0.008569369320677755,300,0.002189342371676204,0.01,0.5111754191186223,30.000000000000156,,
403,-1.0827407892580252,47,0.0015049539060404567,0.01,0.5082208097171445,4.699999999999999,,
404,0.0014562510847619947,300,0.002102296503245325,0.01,0.5100640608283389,30.000000000000156,,
405,-0.5406426666533152,265,0.0022923714102943706,0.01,0.5079641908727819,26.500000000000107,,
406,-0.570820212006381,58,0.001953334163140968,0.01,0.5028421048348839,5.799999999999995,,
407,0.5132878308863156,300,0.0022832767932182176,0.01,0.49771931573649253,30.000000000000156,,
408,-0.5539393780876394,107,0.002408186230315935,0.01,0.5087374812480097,10.699999999999978,,
409,0.5257571644218216,300,0.0022134875298762615,0.01,0.4951480830311654,30.000000000000156,,
410,0.0,300,0.002429147646137681,0.01,0.49441341549420786,30.000000000000156,,
411,-0.5792707357844127,46,0.0034232154433848565,0.01,0.4942951638241074,4.6,,
412,-0.5540712564550738,34,0.0020503165537375237,0.01,0.4879700315060423,3.4000000000000017,,
413,-1.0644373181885858,100,0.0023414852519149576,0.01,0.4865485687294992,9.99999999999998,,
414,-0.5444060922144696,215,0.0019478636372606518,0.01,0.48612007289386444,21.500000000000036,,
415,0.5066651051429307,300,0.002426830156227952,0.01,0.47754120138481293,30.000000000000156,,
416,-0.5343324289433431,163,0.0022405323426863757,0.01,0.46859633074649276,16.29999999999996,,
417,-0.5446301399853,107,0.0026610569289564384,0.01,0.47273021154102074,10.699999999999978,,
418,0.0016655384295232167,300,0.002622677975506586,0.01,0.46691934998415374,30.000000000000156,,
419,0.5310159487455677,300,0.0022459079131391074,0.01,0.47252789814781065,30.000000000000156,,
420,0.0,300,0.0026293078034292645,0.01,0.47253924203182096,30.000000000000156,,
421,-0.5511057279706959,126,0.0022985734364443554,0.01,0.47352820867499,12.599999999999971,,
422,-1.0963722188829113,81,0.001844466339900691,0.01,0.4926034159364312,8.099999999999987,,
423,0.5474159155961313,300,0.002302063457618074,0.01,0.5001607868052305,30.000000000000156,,
424,0.002914844780513126,300,0.002166429741921656,0.01,0.5017944787040053,30.000000000000156,,
425,-0.5833646906088121,137,0.0024302394840874687,0.01,0.49475423298876414,13.699999999999967,,
426,4.1623282330871536e-05,300,0.0027365125121653505,0.01,0.5003574755871072,30.000000000000156,,
427,0.0,300,0.0029867010227735925,0.01,0.516864961689953,30.000000000000156,,
428,-1.0640306079123614,200,0.0024125361938681835,0.01,0.5359294098141786,20.000000000000014,,
429,0.006658335069299692,300,0.0019256133091084544,0.01,0.5217392281804513,30.000000000000156,,
430,0.006666666666666654,300,0.00297865938690019,0.01,0.49896354079319566,30.000000000000156,,
431,-1.0772701788204233,45,0.002113772545686998,0.01,0.4984603319229914,4.5,,
432,-1.0700283385427434,89,0.0022027003349540004,0.01,0.48304629568554575,8.899999999999984,,
433,-0.5239712762315406,42,0.002095762421565223,0.01,0.49098512710089137,4.200000000000001,,
434,0.012290538429523212,300,0.002582149800273995,0.01,0.4757987273709197,30.000000000000156,,
435,-0.5829995121455016,111,0.00218871845985964,0.01,0.4894632493826302,11.099999999999977,,
436,-0.5232069594957743,42,0.002805938691585349,0.01,0.4922354363995651,4.200000000000001,,
437,-0.5750782456037627,53,0.001996720425440564,0.01,0.4749104051170579,5.299999999999997,,
438,-0.5409650344517075,238,0.0026187147955426793,0.01,0.47447753881183546,23.800000000000068,,
439,0.0,300,0.0028162178438855268,0.01,0.45937605093017736,30.000000000000156,,
440,0.0,300,0.0022649903384213414,0.01,0.4457166492642694,30.000000000000156,,
441,0.0,300,0.002644335578096277,0.01,0.4169725034301366,30.000000000000156,,
442,-0.5261357136529732,292,0.0022820172020407876,0.01,0.4005612804697155,29.200000000000145,,
443,-0.5607261102006025,185,0.002360901892560675,0.01,0.3763179152969689,18.499999999999993,,
444,0.010624739637582314,300,0.0023234793820118772,0.01,0.3900376257859743,30.000000000000156,,
445,-0.5532779722176551,144,0.0030215622223329257,0.01,0.37678470700939504,14.399999999999965,,
446,0.539117718532134,300,0.0027854994503870583,0.01,0.3888974033137156,30.000000000000156,,
447,-1.084203485063186,39,0.0027727651869451737,0.01,0.3913211282514079,3.900000000000002,,
448,-1.0800417921944663,197,0.002718217361896021,0.01,0.36938322843943705,19.70000000000001,,
449,0.5452102714410674,300,0.002296753248622539,0.01,0.3646759962947058,30.000000000000156,,
450,0.009583159758388249,300,0.002583624138153001,0.01,0.37129741433622787,30.000000000000156,0.0,0.0
451,-0.5829512112301618,64,0.002107603224001965,0.01,0.3715529617254475,6.399999999999993,,
452,-0.023924801191963274,48,0.002203845278527516,0.01,0.36646600523592204,4.799999999999999,,
453,0.5230881425659435,300,0.003192023940132837,0.01,0.37707215627200136,30.000000000000156,,
454,0.5483107685904689,300,0.0031786089136573983,0.01,0.38135500022194935,30.000000000000156,,
455,-0.5474571327188642,300,0.0024759312791807525,0.01,0.36637450720112164,30.000000000000156,,
456,-0.5891612184036924,137,0.0023271807049242113,0.01,0.35106186210292606,13.699999999999967,,
457,0.013455645814961004,300,0.002537618735032621,0.01,0.35137520840444153,30.000000000000156,,
458,-0.5689803302059567,63,0.002367651208663719,0.01,0.3622334094238814,6.299999999999994,,
459,0.4730782039835093,166,0.0027071964518818434,0.01,0.3475034918019298,16.599999999999966,,
460,-1.0612338540640822,253,0.0019694947273403993,0.01,0.33853933821248766,25.30000000000009,,
461,-0.016313064403568278,52,0.003028292240721678,0.01,0.32640170778214167,5.1999999999999975,,
462,0.0020744862172946132,300,0.0024398355450741677,0.01,0.33077551989653425,30.000000000000156,,
463,-0.5780931711044877,38,0.004321511597960985,0.01,0.3450007237260431,3.800000000000002,,
464,-0.02606322874817235,163,0.002756371897559837,0.01,0.3469884824828793,16.29999999999996,,
465,0.006330538988022882,300,0.002935632594566998,0.01,0.33980181667753956,30.000000000000156,,
466,-0.006006583312868408,66,0.0022319299421602943,0.01,0.35220849212860816,6.5999999999999925,,
467,0.5348291429007078,300,0.002534836492689779,0.01,0.3471674194376544,30.000000000000156,,
468,-0.5345352993256199,162,0.0028054741061662985,0.01,0.34304759051727274,16.19999999999996,,
469,1.0792974393101904,300,0.0021925424705973116,0.01,0.3338520492757838,30.000000000000156,,
470,0.0008325522460801982,300,0.0022593013526925206,0.01,0.3371803658624457,30.000000000000156,,
471,-1.0862465759285793,41,0.0022295498572628683,0.01,0.33137900404088505,4.100000000000001,,
472,0.5181674318839309,300,0.002866710414064261,0.01,0.33583847472669826,30.000000000000156,,
473,0.5307777909527247,300,0.002528057648288162,0.01,0.3335285972177086,30.000000000000156,,
474,-0.5716271606507931,111,0.0028119094454173775,0.01,0.3148233805645213,11.099999999999977,,
475,0.47080704013694197,136,0.002830701329964048,0.01,0.30636186549770733,13.599999999999968,,
476,1.0979147027859493,300,0.0025128493692668993,0.01,0.28960159625043164,30.000000000000156,,
477,-0.5680873949042405,118,0.0018017070687774746,0.01,0.27429907875290355,11.799999999999974,,
478,-1.0744967576029856,104,0.0024139873545742058,0.01,0.25758813213349635,10.399999999999979,,
479,0.006859460076034496,300,0.002521736026677532,0.01,0.2539253164680978,30.000000000000156,,
480,1.0742557581202918,300,0.0029267642359608118,0.01,0.27968590577560015,30.000000000000156,,
481,0.007768057580849641,300,0.002605640125476288,0.01,0.29230176770400446,30.000000000000156,,
482,0.5552650708574234,300,0.002428106075967661,0.01,0.30037713176259956,30.000000000000156,,
483,0.0,300,0.0030532860713294446,0.01,0.29587277124287215,30.000000000000156,,
484,-0.5602267467044196,267,0.002715942002901841,0.01,0.29849562034678706,26.70000000000011,,
485,-0.5672357264388,82,0.0026452070870387275,0.01,0.2773496759235068,8.199999999999987,,
486,1.0623540046034432,300,0.002853846140249576,0.01,0.2905229741795955,30.000000000000156,,
487,-0.5878106608830411,60,0.0027804764997926127,0.01,0.29115304545559034,5.999999999999995,,
488,0.0,300,0.0027769670360095677,0.01,0.29184858560850696,30.000000000000156,,
489,-1.065902664548299,89,0.002762212582801243,0.01,0.29698070911476726,8.899999999999984,,
490,-1.0913192259016669,43,0.0035250791032867958,0.01,0.28865865399100415,4.300000000000001,,
491,0.029480825208101802,300,0.0027512913909133797,0.01,0.3012105219838861,30.000000000000156,,
492,0.0010408855794135086,300,0.0028224433430556607,0.01,0.31901663732963853,30.000000000000156,,
493,0.015901215603271568,300,0.0025637308845087785,0.01,0.31399968073818807,30.000000000000156,,
494,0.01609097641747434,300,0.0025580351920468838,0.01,0.3211182942754685,30.000000000000156,,
495,0.0008328126084979348,300,0.0024333267922273874,0.01,0.3342234193878651,30.000000000000156,,
496,-1.0705942441946088,72,0.0029820501598809054,0.01,0.33116779703601434,7.19999999999999,,
497,-0.5831655569144041,57,0.0024336255002109417,0.01,0.3339233874848333,5.699999999999996,,
498,0.002496875650987329,300,0.002473715406903959,0.01,0.3139217875218887,30.000000000000156,,
499,0.5332643785442761,300,0.0022359387150455642,0.01,0.29856322747224684,30.000000000000156,,
500,0.5304058729701187,300,0.0020876841711521756,0.01,0.2941527901799967,30.000000000000156,-0.02729191166325388,0.43838246449242785
501,0.5441069458653325,300,0.0025666681227586433,0.01,0.2993863697566008,30.000000000000156,,
502,-0.008875149422051809,54,0.0021489791808702386,0.01,0.30638221459242004,5.399999999999997,,
503,-0.5580416069808247,32,0.003914791593436668,0.01,0.3052765954804383,3.2000000000000015,,
504,0.0004166666666666208,300,0.0025126130934624846,0.01,0.3185199722056789,30.000000000000156,,
505,-1.0966272468740705,107,0.002893475786176034,0.01,0.3112227352632948,10.699999999999978,,
506,-0.5830097925507232,94,0.002448010608080178,0.01,0.3030325902833881,9.399999999999983,,
507,-0.572468601337009,71,0.0023043423293644897,0.01,0.3009648397493683,7.099999999999991,,
508,1.0763148897496104,300,0.0028577984914133422,0.01,0.29218474221225504,30.000000000000156,,
509,0.00527777777777777,300,0.0026264026519197117,0.01,0.3042728809451725,30.000000000000156,,
510,-1.0830276921851663,62,0.0035453957462010304,0.01,0.3019430469979965,6.199999999999994,,
511,-1.094719704812505,240,0.002525867581479972,0.01,0.2858671490933806,24.00000000000007,,
512,-1.0949441283782224,52,0.002062865649673502,0.01,0.2654285616780372,5.1999999999999975,,
513,-1.0958573659895585,148,0.0021907041655453803,0.01,0.2634041559825563,14.799999999999963,,
514,-1.0633830962966626,108,0.0024057792326841088,0.01,0.26321090117492124,10.799999999999978,,
515,-0.5182008356436674,53,0.002023465291073693,0.01,0.2506959013254877,5.299999999999997,,
516,-0.002450573454035432,97,0.0012734960472987264,0.01,0.26125643649937813,9.699999999999982,,
517,1.0753105858403438,300,0.0023261785178170496,0.01,0.2501485721888057,30.000000000000156,,
518,-1.077542522245579,200,0.0030700609205649688,0.01,0.23512132079373807,20.000000000000014,,
519,0.00020807297091557375,300,0.0017900285266008813,0.01,0.2281224027262967,30.000000000000156,,
520,0.5376406931758467,300,0.0019403282484323115,0.01,0.21270415355437727,30.000000000000156,,
521,-1.094451732052029,66,0.0022372811151874054,0.01,0.2220380268859665,6.5999999999999925,,
522,-1.0895061057388893,64,0.0015125224903900004,0.01,0.21022126699527355,6.399999999999993,,
523,1.0789436345466734,300,0.002891588524357578,0.01,0.20360050465748641,30.000000000000156,,
524,0.5373360065333801,300,0.002268836502442999,0.01,0.20004529812836921,30.000000000000156,,
525,-0.012545220548059177,64,0.0017535642270521577,0.01,0.20902109487581752,6.399999999999993,,
526,-0.5864685313578348,81,0.001866691967105322,0.01,0.21727302409548646,8.099999999999987,,
527,0.0006244792751645689,300,0.0026664472593887815,0.01,0.21547486650963105,30.000000000000156,,
528,0.00041536550534854166,300,0.0025112046732386245,0.01,0.22184310931385662,30.000000000000156,,
529,-0.5467391931444769,214,0.002182946208266786,0.01,0.2216747540125232,21.400000000000034,,
530,-1.1029660745529257,18,0.0014037112175938559,0.01,0.22122203094422707,1.8000000000000005,,
531,-0.016075675624464658,47,0.002538241654923334,0.01,0.21293034451755188,4.699999999999999,,
532,-0.5628063944121774,182,0.0020792996696885765,0.01,0.2007231764929209,18.19999999999999,,
533,-1.065441931273655,149,0.0028751455451130068,0.01,0.1835724984400596,14.899999999999963,,
534,0.5602037110226497,300,0.0021770571201574773,0.01,0.1930220327437713,30.000000000000156,,
535,0.5452810835748578,300,0.0020998992099111814,0.01,0.19071909478311924,30.000000000000156,,
536,0.027916145941831227,300,0.0022996799977537726,0.01,0.20462407307080144,30.000000000000156,,
537,-0.5882809972194101,141,0.0023862003458742956,0.01,0.21233617027752297,14.099999999999966,,
538,0.0006247396375823056,300,0.002099560435778799,0.01,0.2213706588363478,30.000000000000156,,
539,-1.088778687508626,259,0.0022201576926840867,0.01,0.22116425972592577,25.900000000000098,,
540,-1.0725987613082812,239,0.002448391094519258,0.01,0.21747907878565909,23.90000000000007,,
541,0.008819740704017809,81,0.002221695837424173,0.01,0.2090071742208975,8.099999999999987,,
542,0.0004166666666666763,300,0.002213591990408009,0.01,0.20813670412374732,30.000000000000156,,
543,-1.0901676581404711,48,0.002079923107931465,0.01,0.20925291382019576,4.799999999999999,,
544,0.01062499999999994,300,0.002600859557901429,0.01,0.21075437295584515,30.000000000000156,,
545,0.0022574334939450824,300,0.002152217703345112,0.01,0.2079236223345966,30.000000000000156,,
546,0.013316670138599551,300,0.001954488767901795,0.01,0.20566173891481015,30.000000000000156,,
547,-0.5529670837719038,188,0.0022308479986418075,0.01,0.1991849838986229,18.799999999999997,,
548,-0.009875797496617045,72,0.0023515238090989063,0.01,0.19693297662961193,7.19999999999999,,
549,0.5103257218219266,300,0.0024200814278680116,0.01,0.1919669296211483,30.000000000000156,,
550,-1.0651982963821498,193,0.002376327692042028,0.01,0.19541388212263963,19.300000000000004,0.0,0.0
551,0.522720175191419,300,0.0021839615212784274,0.01,0.18889569047561938,30.000000000000156,,
552,-0.5334937334539085,184,0.0022082671131788377,0.01,0.18717713050710594,18.39999999999999,,
553,1.0894253565221146,300,0.0019354888210251187,0.01,0.17411410016364168,30.000000000000156,,
554,-0.5685525910406011,292,0.0019048009759134344,0.01,0.17047233284068974,29.200000000000145,,
555,0.015821356662118424,300,0.0020342700659106852,0.01,0.1734638968392543,30.000000000000156,,
556,-0.5573563177304314,138,0.002225682042748698,0.01,0.18628730238560934,13.799999999999967,,
557,-0.5930259942077367,131,0.001652037166086299,0.01,0.17960336948487032,13.09999999999997,,
558,-1.0852207407106205,92,0.0013933371327234248,0.01,0.17221537577242713,9.199999999999983,,
559,1.087366759896295,300,0.002025284137313319,0.01,0.17082366931806342,30.000000000000156,,
560,0.004950809248134125,300,0.002408549852618528,0.01,0.18865813975500104,30.000000000000156,,
561,0.0,300,0.0017892966303371892,0.01,0.21482281880516477,30.000000000000156,,
562,1.083682906095353,300,0.0019531157448302457,0.01,0.22749555685987966,30.000000000000156,,
563,1.0576982324362159,300,0.002133908036850143,0.01,0.2366646343778917,30.000000000000156,,
564,1.0601703959460578,300,0.002104109386646991,0.01,0.2534092114639526,30.000000000000156,,
565,1.0668010080741466,300,0.002513979453411902,0.01,0.2591222349905417,30.000000000000156,,
566,0.0,300,0.0019224107225161132,0.01,0.27072656440273823,30.000000000000156,,
567,-0.023426345999386866,59,0.0019051415737752042,0.01,0.29443922462431926,5.899999999999995,,
568,0.5404937726599621,300,0.002091390132852316,0.01,0.2992818798048713,30.000000000000156,,
569,-0.5507061708684511,189,0.001482432700545123,0.01,0.29485889603940835,18.9,,
570,0.038489241537708274,300,0.001954990005426311,0.01,0.2954659237573098,30.000000000000156,,
571,0.5081731331425943,300,0.0018075382252337525,0.01,0.28875219624853526,30.000000000000156,,
572,0.004930555555555494,300,0.0016219164315247273,0.01,0.28402872948967844,30.000000000000156,,
573,0.5063151191750088,110,0.001864250766768745,0.01,0.2985940425710371,10.999999999999977,,
574,0.019301042606981816,300,0.0017032744653844307,0.01,0.31709531196573065,30.000000000000156,,
575,0.0,300,0.0018583694613011326,0.01,0.324589296433637,30.000000000000156,,
576,0.5151800819221957,300,0.0018412513520138633,0.01,0.32058517651024915,30.000000000000156,,
577,0.522442000015447,300,0.0018449526850016073,0.01,0.3296204886033891,30.000000000000156,,
578,1.0959633942750062,300,0.0020690572561942898,0.01,0.334892429231538,30.000000000000156,,
579,0.5334108823514578,300,0.0023716262135551423,0.01,0.34093842647449085,30.000000000000156,,
580,1.0781226762697433,300,0.0020621156498888717,0.01,0.3533112128155272,30.000000000000156,,
581,1.0868570146956698,300,0.0025421282512275143,0.01,0.370373510792118,30.000000000000156,,
582,-1.0741458172419804,136,0.002679958778435567,0.01,0.3685581422166439,13.599999999999968,,
583,1.0854077620940736,300,0.002286362239563951,0.01,0.3823574149996629,30.000000000000156,,
584,0.00041640630424893965,300,0.002367803425312913,0.01,0.37393912016140773,30.000000000000156,,
585,-1.0753250987700471,24,0.0018082761456134778,0.01,0.35813185777431267,2.400000000000001,,
586,0.00020807297091562926,300,0.002457155534399491,0.01,0.37239717088646995,30.000000000000156,,
587,0.5259666790593307,300,0.002830652425038801,0.01,0.3696861737822966,30.000000000000156,,
588,-0.5482384413756763,182,0.0024458527609144192,0.01,0.3773943943467421,18.19999999999999,,
589,0.5593372962178647,300,0.002664273081194674,0.01,0.37835682039294377,30.000000000000156,,
590,-1.0787394586970465,76,0.0014390938603552246,0.01,0.3816521361098493,7.599999999999989,,
591,-0.5600763316891837,38,0.001988789699799983,0.01,0.3806921530090358,3.800000000000002,,
592,0.00041640630424893965,300,0.0025572767240048247,0.01,0.3769265010136705,30.000000000000156,,
593,-0.023860787314045284,56,0.001413605853913554,0.01,0.36152940120380433,5.599999999999996,,
594,0.002150087366128095,300,0.0025491318373721964,0.01,0.37021255958813376,30.000000000000156,,
595,-0.5706586256989127,208,0.0026728405668127206,0.01,0.37451591078155605,20.800000000000026,,
596,-0.5589669252257143,217,0.002522822931601105,0.01,0.3826675915564822,21.70000000000004,,
597,0.00062473963758225,300,0.002503224525897317,0.01,0.37160063244382174,30.000000000000156,,
598,0.0037390759147211128,300,0.002814147412873044,0.01,0.38130840102794633,30.000000000000156,,
599,-0.5136774226278635,76,0.002888335990922514,0.01,0.3918042773937194,7.599999999999989,,
600,0.01734826656517055,300,0.002018697615634427,0.01,0.3860717843767018,30.000000000000156,0.0,0.0
601,-0.03557526176471937,292,0.0020020940026743493,0.01,0.3808484941519657,29.200000000000145,,
602,0.0035411459418312474,300,0.002224850943863484,0.01,0.3811244512194911,30.000000000000156,,
603,0.002358160337043669,300,0.0021547151247484683,0.01,0.3948188973590002,30.000000000000156,,
604,-1.0940906649757727,59,0.0013313789910277445,0.01,0.41368480883436054,5.899999999999995,,
605,-0.5365334489972329,54,0.001979917115523049,0.01,0.4068103271024202,5.399999999999997,,
606,0.0,300,0.0023811290577020377,0.01,0.41027987867247084,30.000000000000156,,
607,0.011282409187545528,300,0.0020393792518371813,0.01,0.40969641118868366,30.000000000000156,,
608,0.02172431246189671,300,0.002347105401547807,0.01,0.39762129863554835,30.000000000000156,,
609,-1.080917522887446,137,0.002979118713506037,0.01,0.3941028876379035,13.699999999999967,,
610,0.015547726156599037,300,0.002064289200691191,0.01,0.3700801299720667,30.000000000000156,,
611,0.0006226580397814541,300,0.002120623751357793,0.01,0.3628603340698154,30.000000000000156,,
612,0.01955885926606829,300,0.0022966944921349814,0.01,0.36172945427736136,30.000000000000156,,
613,-0.5835538154060425,169,0.0019343235692974021,0.01,0.354802623474363,16.89999999999997,,
614,-0.5534756104213714,69,0.0015927579723414424,0.01,0.360900425836117,6.8999999999999915,,
615,-0.5502441684366713,78,0.0017602599526868052,0.01,0.34920785463521625,7.799999999999988,,
616,0.016905090988626303,300,0.002099828773330934,0.01,0.34038886878599184,30.000000000000156,,
617,0.0412954280748708,300,0.0017531533664566774,0.01,0.3209674296220466,30.000000000000156,,
618,-1.0924701913623214,110,0.0019347704974579476,0.01,0.3066796011078017,10.999999999999977,,
619,0.5183758290280653,300,0.00189863717475046,0.01,0.3150868388847113,30.000000000000156,,
620,-0.5335344756524418,50,0.0023700857458047427,0.01,0.32041301956655344,4.999999999999998,,
621,-0.5725613521272647,170,0.0016178422372393837,0.01,0.30245854985368487,16.99999999999997,,
622,0.0,300,0.0018406982342177092,0.01,0.29121782286800935,30.000000000000156,,
623,0.002282373239512747,87,0.001284606048521713,0.01,0.28475652935114343,8.699999999999985,,
624,0.00937232125164926,300,0.0014758510713152211,0.01,0.2605169041893529,30.000000000000156,,
625,0.003168225716176254,101,0.001887144904126429,0.01,0.2434399968641402,10.09999999999998,,
626,0.018263021014162995,300,0.0016213740832419221,0.01,0.2417483677626202,30.000000000000156,,
627,0.01664583767324959,300,0.0018129087064968907,0.01,0.235706258736728,30.000000000000156,,
628,0.5125622763503365,300,0.0016152010178500894,0.01,0.22954995484491472,30.000000000000156,,
629,0.570837798294364,300,0.0014404185624524299,0.01,0.23856138032147237,30.000000000000156,,
630,1.0883630853158692,300,0.0016467107730295293,0.01,0.2513814275818605,30.000000000000156,,
631,-1.0631988638141006,57,0.0016908232648241382,0.01,0.27162596207301537,5.699999999999996,,
632,0.00041536550534854166,300,0.0012564809893256133,0.01,0.2668907621249362,30.000000000000156,,
633,0.0010411459418311897,300,0.0015134492936572507,0.01,0.2722085510753818,30.000000000000156,,
634,0.029993785122224892,300,0.00130431281344789,0.01,0.27557330111274375,30.000000000000156,,
635,0.002358854636824226,300,0.0014355601820705921,0.01,0.2673906028016274,30.000000000000156,,
636,0.0014479324979243535,300,0.0013282229120739745,0.01,0.27542108593274944,30.000000000000156,,
637,0.547746959368357,300,0.001023639569336731,0.01,0.27883468321886007,30.000000000000156,,
638,1.0956524264005327,300,0.001156153308862323,0.01,0.28436816847327423,30.000000000000156,,
639,0.008787089112186619,300,0.001062341160935577,0.01,0.2929875421052,30.000000000000156,,
640,0.014818605206511681,300,0.0012398995903804796,0.01,0.29248055914591936,30.000000000000156,,
641,0.014045432738142738,116,0.0011209224727927222,0.01,0.2875335808991423,11.599999999999975,,
642,0.0008325522460801427,300,0.001063566163382934,0.01,0.2835938206091257,30.000000000000156,,
643,0.5183938947724089,300,0.0010713755588533447,0.01,0.2770383379849025,30.000000000000156,,
644,0.5328497940403554,300,0.0012119649699816797,0.01,0.26757115610436844,30.000000000000156,,
645,0.0017307540260581289,300,0.0011414653629041682,0.01,0.24416266430459,30.000000000000156,,
646,1.0834974275289997,300,0.001317127255910202,0.01,0.2356519737510673,30.000000000000156,,
647,0.0044842302885937935,300,0.0011255001641191872,0.01,0.24451165077431705,30.000000000000156,,
648,0.5501501002407789,300,0.001297143948621622,0.01,0.2538368880503056,30.000000000000156,,
649,0.5218702266890085,300,0.0014217362909262285,0.01,0.2590748266652861,30.000000000000156,,
650,0.5510181906863877,300,0.0013727898095450821,0.01,0.26231675172678587,30.000000000000156,-0.36136848132065796,0.4969662589543566
651,0.010681426323558674,300,0.0014547353162220967,0.01,0.27384349749978737,30.000000000000156,,
652,-1.077609932724533,105,0.0011185369004693983,0.01,0.2844822615078836,10.499999999999979,,
653,0.510831771809598,300,0.0015539557826885315,0.01,0.2805906110249754,30.000000000000156,,
654,0.0,300,0.0016476744509285783,0.01,0.2894364643264337,30.000000000000156,,
655,0.0,300,0.0013441076880925343,0.01,0.30099620666112203,30.000000000000156,,
656,1.0731767542664268,300,0.0014578042225571871,0.01,0.31495012428219527,30.000000000000156,,
657,-1.0890053547318757,57,0.0014912058526605535,0.01,0.30945863023305764,5.699999999999996,,
658,-1.0906885977817953,35,0.0011340153123904765,0.01,0.300246340341104,3.5000000000000018,,
659,-1.0878660442460095,125,0.0014746153201367338,0.01,0.30212460368890304,12.499999999999972,,
660,-0.5711875260283605,27,0.0015365569883442024,0.01,0.2974078108340526,2.700000000000001,,
661,0.5274214681850131,300,0.0017061403719468978,0.01,0.28779964562020727,30.000000000000156,,
662,0.5785348802838091,300,0.0014803389426268799,0.01,0.2784026799944648,30.000000000000156,,
663,0.005409897243805861,300,0.0016635387459871614,0.01,0.28678227997379757,30.000000000000156,,
664,-1.056818056019852,239,0.0013601725413939357,0.01,0.28725141076219185,23.90000000000007,,
665,0.008742970214721701,300,0.0014408097312527547,0.01,0.28846791564133445,30.000000000000156,,
666,0.004576824923660794,300,0.0014044813351501817,0.01,0.29188849010164886,30.000000000000156,,
667,1.0944253532032784,300,0.0013480844343575023,0.01,0.3025718048621534,30.000000000000156,,
668,0.027383790969078836,300,0.0013672844862487959,0.01,0.3011242148049235,30.000000000000156,,
669,0.0040251741536006524,300,0.0013597581944307683,0.01,0.29169429874670577,30.000000000000156,,
670,1.5726823673753958,300,0.0011686509372041394,0.01,0.2944934505974591,30.000000000000156,,
671,-1.088478154996586,222,0.0014586819736765722,0.01,0.289689089436687,22.200000000000045,,
672,0.5519971103854899,300,0.0012771711372096396,0.01,0.27622622179490264,30.000000000000156,,
673,-1.0758278615502734,27,0.0007407677074958682,0.01,0.26700767074804554,2.700000000000001,,
674,0.010328047396947315,300,0.001689815675992075,0.01,0.26589842323041224,30.000000000000156,,
675,0.5215233964436325,300,0.0014602626398143336,0.01,0.2580636997057888,30.000000000000156,,
676,0.0006242189127468323,300,0.00147961939563576,0.01,0.25101694270019315,30.000000000000156,,
677,1.5958588035456873,300,0.0016368743073512351,0.01,0.26157191455121914,30.000000000000156,,
678,0.530455897355261,300,0.0013254588998174743,0.01,0.26389945048786134,30.000000000000156,,
679,0.002361111111111147,300,0.0014551923590932472,0.01,0.2905299309875636,30.000000000000156,,
680,0.0,300,0.0014373518169168216,0.01,0.30344871312908245,30.000000000000156,,
681,-0.557029519991722,203,0.0017487984173124806,0.01,0.30823836709152563,20.30000000000002,,
682,0.0,300,0.0015219734879867977,0.01,0.31121029203877026,30.000000000000156,,
683,0.5352489682415063,300,0.0014186018370526113,0.01,0.3141450652681,30.000000000000156,,
684,-0.012434752136224914,79,0.0018007317426570082,0.01,0.31195583120798165,7.899999999999988,,
685,0.5462189146794488,300,0.0015991344917757988,0.01,0.322521100356875,30.000000000000156,,
686,0.5266761371703224,300,0.0016587761665891793,0.01,0.32195141350254897,30.000000000000156,,
687,0.55093212408984,300,0.0015836974989906123,0.01,0.30615960761423994,30.000000000000156,,
688,0.008941155270698276,300,0.0014437799566376975,0.01,0.2964677725424283,30.000000000000156,,
689,1.094493572233946,300,0.0020262540030093912,0.01,0.3123506817654814,30.000000000000156,,
690,-1.0642216076994928,274,0.00156473419225286,0.01,0.3189137892537105,27.40000000000012,,
691,1.1265838190030986,300,0.0017346867767575169,0.01,0.31037605794682804,30.000000000000156,,
692,1.049717973208253,300,0.0012420543976050802,0.01,0.30761620147654883,30.000000000000156,,
693,0.0029813714850427386,300,0.0016034710516176565,0.01,0.3099819935894386,30.000000000000156,,
694,0.008586444367088941,300,0.001738943700105334,0.01,0.30524712381211744,30.000000000000156,,
695,1.1202938841825267,300,0.0017449241937527507,0.01,0.30312680421719,30.000000000000156,,
696,0.008936221172844039,300,0.0017183485589294296,0.01,0.3124333392820108,30.000000000000156,,
697,1.6130513454092141,300,0.0013977539688394013,0.01,0.328391408228565,30.000000000000156,,
698,-1.0696522079823296,118,0.0014382197335811818,0.01,0.33321488756871687,11.799999999999974,,
699,0.00012435935892707306,159,0.002458546959167325,0.01,0.3282400513168671,15.89999999999996,,
700,0.016167316049140457,300,0.0019247384350981188,0.01,0.33651371635095895,30.000000000000156,0.3486239098397079,0.9239268225365007
701,0.5481082575884213,300,0.002029573574026521,0.01,0.35571780714069207,30.000000000000156,,
702,-0.5721892070388753,67,0.002348405919494589,0.01,0.36360482605386313,6.699999999999992,,
703,0.007191416091097302,300,0.0015936085320808469,0.01,0.3592896272938123,30.000000000000156,,
704,0.5194901670538816,300,0.0018889274524727263,0.01,0.3588983979343875,30.000000000000156,,
705,1.6051548822937973,300,0.0018229378166871254,0.01,0.36281364775733027,30.000000000000156,,
706,0.5204249286979006,300,0.0019477049413857605,0.01,0.36066709832820876,30.000000000000156,,
707,0.5374583426639361,300,0.0020925179677074215,0.01,0.3572669181764682,30.000000000000156,,
708,-0.5765424082003944,48,0.0023161023718387395,0.01,0.35403930597347183,4.799999999999999,,
709,0.016715195330221366,300,0.002529636343062377,0.01,0.3618089822532524,30.000000000000156,,
710,0.5295582944328268,300,0.002122453616442593,0.01,0.38079446383929105,30.000000000000156,,
711,0.0,300,0.0018571190877229938,0.01,0.381145298528604,30.000000000000156,,
712,0.0,300,0.0018521518929180962,0.01,0.3773813815232501,30.000000000000156,,
713,0.5257967715902423,300,0.001684664987880157,0.01,0.38377067669239817,30.000000000000156,,
714,0.516622944869756,300,0.0015595159808636334,0.01,0.37230954562300184,30.000000000000156,,
715,-1.0701374885355024,131,0.001821308457630062,0.01,0.35862511116846324,13.09999999999997,,
716,0.0002083333333333659,300,0.0015608200602898763,0.01,0.3585818752836278,30.000000000000156,,
717,0.5058282558653193,300,0.0012579429132261316,0.01,0.3449502906087981,30.000000000000156,,
718,1.0665512306915326,300,0.0018914444612717562,0.01,0.3416207454439943,30.000000000000156,,
719,0.576856362318259,300,0.0017202801905967775,0.01,0.3424103181111196,30.000000000000156,,
720,1.100030985370878,300,0.0017252674769323328,0.01,0.3514844126701619,30.000000000000156,,
721,1.085524421608909,300,0.0016140889722131909,0.01,0.34886477896974927,30.000000000000156,,
722,0.5533029820661659,300,0.0016432117626219212,0.01,0.33438601219885505,30.000000000000156,,
723,1.6057241349050484,300,0.0017958690679797176,0.01,0.3263674752949285,30.000000000000156,,
724,0.512123299660433,300,0.0018288304596339533,0.01,0.3313286107855695,30.000000000000156,,
725,0.012256534226459781,300,0.0017033436094530674,0.01,0.3274465759794711,30.000000000000156,,
726,-0.5711131929566173,101,0.0017331518367182776,0.01,0.33334345345907623,10.09999999999998,,
727,0.5392523243341831,300,0.0016734074726721237,0.01,0.31820653482135186,30.000000000000156,,
728,0.5237296452497232,300,0.0016995282323769615,0.01,0.32288168190863475,30.000000000000156,,
729,0.5320532206834327,300,0.0017198640206267824,0.01,0.32992336021793744,30.000000000000156,,
730,0.001872917751428782,300,0.0016567044478742194,0.01,0.3515245047388548,30.000000000000156,,
731,1.5973416678421337,300,0.0018185092745114536,0.01,0.3675667271081859,30.000000000000156,,
732,0.5091322593677701,300,0.0016678215709030927,0.01,0.36768055732941285,30.000000000000156,,
733,-0.5502271171694125,222,0.0018377338589343187,0.01,0.37042387115835396,22.200000000000045,,
734,-0.029626051889801497,40,0.0018884023755790936,0.01,0.3642519888379475,4.000000000000002,,
735,0.010667145980599646,300,0.0017233648272504461,0.01,0.3659131851441384,30.000000000000156,,
736,1.0871310518157975,300,0.0017166358645836583,0.01,0.36195092928049877,30.000000000000156,,
737,0.5371625156221778,300,0.0016489504772742435,0.01,0.3577116004611581,30.000000000000156,,
738,0.00950894200295227,300,0.0015009465660203415,0.01,0.3603242945100823,30.000000000000156,,
739,1.083763819083135,300,0.0016239552388403662,0.01,0.3644489009484703,30.000000000000156,,
740,0.5362967065987074,300,0.0015636930538146224,0.01,0.3590011970007117,30.000000000000156,,
741,-0.025312684493347337,35,0.0020531926403888506,0.01,0.3503063937697677,3.5000000000000018,,
742,-1.0749066022553218,26,0.0015345829008297398,0.01,0.3408812637066619,2.600000000000001,,
743,1.5538182459263705,300,0.0016656704287657798,0.01,0.3611252965435102,30.000000000000156,,
744,-1.0780396651288793,79,0.0020252446742296064,0.01,0.3512408078738748,7.899999999999988,,
745,-0.5570555185242348,119,0.001952149594070782,0.01,0.34916937161121614,11.899999999999974,,
746,0.529929539631909,300,0.001954798913663535,0.01,0.342857607156683,30.000000000000156,,
747,0.5747762329629361,300,0.002204215553419722,0.01,0.34777254023431975,30.000000000000156,,
748,0.0024968756509873846,300,0.0018191001894830494,0.01,0.34596100531018414,30.000000000000156,,
749,0.016874999999999918,300,0.0020330101505885044,0.01,0.34786006666158836,30.000000000000156,,
750,0.5077120975238372,300,0.0018752365852028189,0.01,0.3564075182948405,30.000000000000156,-0.1956757939420204,0.27672736162092837
751,-0.5687351341184518,204,0.0018136538723205243,0.01,0.3588064170526591,20.40000000000002,,
752,-1.0648496395318277,210,0.002157792498002852,0.01,0.35875158079185226,21.00000000000003,,
753,0.01630612026424938,300,0.002125921691009033,0.01,0.3570769690678178,30.000000000000156,,
754,-1.0902193549785357,63,0.002311305279815354,0.01,0.3530019242825612,6.299999999999994,,
755,-0.5435376690756847,56,0.001778728140486148,0.01,0.35737377578367446,5.599999999999996,,
756,0.5045163748658343,300,0.001653483924326979,0.01,0.35909045060027195,30.000000000000156,,
757,-1.0886482916671125,252,0.00196386874931203,0.01,0.3455907606003155,25.200000000000088,,
758,0.0,300,0.0021176538550564173,0.01,0.33443000595979605,30.000000000000156,,
759,0.523026742114661,300,0.0021442143716827134,0.01,0.3220842292692846,30.000000000000156,,
760,0.5237046655015579,300,0.0020722770388076016,0.01,0.31547139348293574,30.000000000000156,,
761,1.5775489441479207,300,0.002447053884007912,0.01,0.3127930240170305,30.000000000000156,,
762,1.5960231970511602,300,0.0022483045993483934,0.01,0.31953554337070544,30.000000000000156,,
763,1.0318042537434704,300,0.0018547436129195028,0.01,0.3318254050409568,30.000000000000156,,
764,1.5507793698331631,300,0.0023566600388092293,0.01,0.3390292995182745,30.000000000000156,,
765,0.543109357995456,211,0.0021840330643885086,0.01,0.3456005667187928,21.10000000000003,,
766,-0.5526878044225637,55,0.0022922818866678504,0.01,0.34225021302554887,5.4999999999999964,,
767,0.025939763707480357,300,0.0026650782050964554,0.01,0.3449432941638303,30.000000000000156,,
768,0.5482783100757238,300,0.0026821012673013366,0.01,0.3482182207347623,30.000000000000156,,
769,0.0008286520143514775,300,0.002832498523296586,0.01,0.35834023831706024,30.000000000000156,,
770,-0.5234978383420676,208,0.002825451894085562,0.01,0.35800446869338975,20.800000000000026,,
771,-0.013644789475632857,83,0.0035964687642470222,0.01,0.3519019285301052,8.299999999999986,,
772,1.0636311612568208,300,0.003419831457650205,0.01,0.35214013286041096,30.000000000000156,,
773,-0.032420208938636064,88,0.002293220190745918,0.01,0.3455433627181507,8.799999999999985,,
774,0.01910903280372267,121,0.0034648676621935005,0.01,0.35442460964039707,12.099999999999973,,
775,0.010856247501305816,300,0.003023001256257582,0.01,0.35580064450208165,30.000000000000156,,
776,1.02443715429675,300,0.003351778095777806,0.01,0.37317903871911295,30.000000000000156,,
777,0.5264026211052741,300,0.0029394375117647686,0.01,0.3878780866026173,30.000000000000156,,
778,0.5219187755364281,300,0.0028867185557569855,0.01,0.3904281066634465,30.000000000000156,,
779,0.003951826870912362,300,0.0027351585957686077,0.01,0.3919871675061652,30.000000000000156,,
780,0.5509831719101537,300,0.002911334788620615,0.01,0.4073603468656159,30.000000000000156,,
781,0.004263097056823345,300,0.0037024036136645553,0.01,0.4056811312457191,30.000000000000156,,
782,-0.0053338230270691955,124,0.0036102420529920973,0.01,0.4051880743709953,12.399999999999972,,
783,0.0020342121001981905,300,0.003924654844538325,0.01,0.42131412577140587,30.000000000000156,,
784,0.023317451876623152,300,0.0032059482589195934,0.01,0.444031824334814,30.000000000000156,,
785,0.0147731809350089,300,0.0030323150842520323,0.01,0.4521056407388443,30.000000000000156,,
786,-0.5545991598272597,277,0.0025710312037431947,0.01,0.4626902600757763,27.700000000000124,,
787,0.5390423352397049,300,0.003429558397236919,0.01,0.47459918812929003,30.000000000000156,,
788,0.0034118268196054458,300,0.0035250590185508714,0.01,0.48692476322675665,30.000000000000156,,
789,-0.04808292580430962,54,0.0029491564990626355,0.01,0.482105397116688,5.399999999999997,,
790,-0.5717816884566587,26,0.0050084298782444425,0.01,0.493841926376479,2.600000000000001,,
791,0.5016239846097593,300,0.003014875181875644,0.01,0.5064676402102201,30.000000000000156,,
792,0.003578497899779959,300,0.00482559627666077,0.01,0.555073341375305,30.000000000000156,,
793,1.6192442811556989,300,0.004338167825194265,0.01,0.5986192854089453,30.000000000000156,,
794,0.002308805618522536,300,0.003683516045794213,0.01,0.6423370037232731,30.000000000000156,,
795,-0.5617392312350208,43,0.0025661409382119692,0.01,0.6614512887510413,4.300000000000001,,
796,-1.0997235160399246,27,0.007198562409588216,0.01,0.6620893500066134,2.700000000000001,,
797,0.001229253526014898,300,0.003781620906713255,0.01,0.678671996198431,30.000000000000156,,
798,-1.073579557852021,110,0.004627161527766818,0.01,0.6880489668186665,10.999999999999977,,
799,0.5207858051976297,300,0.0040144125370347485,0.01,0.6985680535227258,30.000000000000156,,
800,0.549905255412311,300,0.0036529019777787842,0.01,0.7172394202957338,30.000000000000156,0.36479665901043035,0.515900382680944
801,0.01758912130602225,300,0.003559915787176826,0.01,0.7254968938952783,30.000000000000156,,
802,0.03678666352976778,300,0.003334696247601434,0.01,0.739190430854067,30.000000000000156,,
803,0.004999739637582212,300,0.003991796977977837,0.01,0.7419317682347784,30.000000000000156,,
804,0.00020807297091557375,300,0.003601026062520288,0.01,0.721228465035836,30.000000000000156,,
805,0.017986111111110925,300,0.0038265744976426763,0.01,0.7120585821414799,30.000000000000156,,
806,0.023026806204568484,300,0.0026168761235517953,0.01,0.703900140312398,30.000000000000156,,
807,0.5093112737523686,300,0.002111131971447094,0.01,0.6916286487903648,30.000000000000156,,
808,1.0876957585915186,300,0.002613590096311449,0.01,0.6830768491099326,30.000000000000156,,
809,-0.5562679164722293,103,0.00213712644036499,0.01,0.6704110838497466,10.29999999999998,,
810,0.5169003812504768,300,0.003663198833777801,0.01,0.6757189952427162,30.000000000000156,,
811,-0.5664341398534738,68,0.0023715485540654513,0.01,0.6833891331030354,6.799999999999992,,
812,0.018934640353321264,300,0.0031481798776549076,0.01,0.6574328368586518,30.000000000000156,,
813,0.5399254584767387,300,0.0029326116908330807,0.01,0.6411968011093373,30.000000000000156,,
814,0.0027058164966286546,300,0.00192909225262114,0.01,0.6429543744193629,30.000000000000156,,
815,0.021623630826244397,300,0.002183985047879979,0.01,0.6405852253962402,30.000000000000156,,
816,0.00855908402345891,300,0.0016782310201698906,0.01,0.6314845528599833,30.000000000000156,,
817,-0.5842504546162628,86,0.0018705210105553587,0.01,0.625538403633551,8.599999999999985,,
818,0.0010273967714918703,300,0.0016751302821969513,0.01,0.6278297266297068,30.000000000000156,,
819,-1.0677478459874712,68,0.0012578823908075704,0.01,0.639743748708173,6.799999999999992,,
820,0.001249566062637153,300,0.0022419817917754084,0.01,0.6389047019260929,30.000000000000156,,
821,-1.0892807379881138,65,0.005379392844075545,0.01,0.6370503202987331,6.499999999999993,,
822,0.5045776053601427,300,0.0023293710137906342,0.01,0.6320422936518834,30.000000000000156,,
823,-0.579291803363282,23,0.0023201668493905343,0.01,0.6346028532298853,2.3000000000000007,,
824,0.00020807297091562926,300,0.002792614086214804,0.01,0.6188737712424085,30.000000000000156,,
825,0.5286883264697922,300,0.0022523247948098707,0.01,0.6025065032385377,30.000000000000156,,
826,0.5014254536419607,300,0.00181679803863859,0.01,0.5826031930775447,30.000000000000156,,
827,0.0017316027163039593,300,0.0015761426073756235,0.01,0.5672189470695942,30.000000000000156,,
828,1.0907089229901292,300,0.0020961975945853607,0.01,0.569294123636756,30.000000000000156,,
829,0.01057578421218186,300,0.00205196851816722,0.01,0.5654013865581864,30.000000000000156,,
830,0.01021300179307133,300,0.0022718433406775894,0.01,0.5462105747750317,30.000000000000156,,
831,0.0016583424430716143,300,0.001805117333894947,0.01,0.5313231176821837,30.000000000000156,,
832,0.002499218912746848,300,0.002113766340703726,0.01,0.54018208844449,30.000000000000156,,
833,0.0016696001949616512,300,0.0021592233578109315,0.01,0.5230684908854052,30.000000000000156,,
834,0.01833255224607977,300,0.0020266839785572383,0.01,0.5145988565524772,30.000000000000156,,
835,1.0941623115214978,300,0.0016481174614709827,0.01,0.5132898003426034,30.000000000000156,,
836,0.5383055804992328,300,0.0013848802999608591,0.01,0.5111662496293607,30.000000000000156,,
837,-0.024013639960222433,274,0.0017893887941694772,0.01,0.5211149779973704,27.40000000000012,,
838,-1.0988630860647022,47,0.0009065272556600099,0.01,0.49945158227348724,4.699999999999999,,
839,-0.5706297465149346,151,0.00223738322877657,0.01,0.508274396624633,15.099999999999962,,
840,-0.5574811353415923,228,0.0021636123455230495,0.01,0.5071632112205008,22.800000000000054,,
841,0.001444045477390632,300,0.0018991793450691666,0.01,0.5046673001108978,30.000000000000156,,
842,0.006700435326425613,300,0.002317430609023612,0.01,0.4785824194533605,30.000000000000156,,
843,0.004027777777777769,300,0.0016914236191012848,0.01,0.4827689713007115,30.000000000000156,,
844,0.005089144607098306,300,0.0018737357033049814,0.01,0.506319352658875,30.000000000000156,,
845,1.0809423590424925,300,0.0019678596232622445,0.01,0.4875740267236992,30.000000000000156,,
846,-0.5805838635956728,94,0.002025960144160975,0.01,0.5018555727528748,9.399999999999983,,
847,0.5331283427536702,300,0.0020800571167530254,0.01,0.49349233092879624,30.000000000000156,,
848,0.5117908016852222,300,0.0022709371701303636,0.01,0.4695549684927189,30.000000000000156,,
849,0.008045488208737295,300,0.0019608217755997938,0.01,0.45697345008381823,30.000000000000156,,
850,0.011105605980239575,300,0.0023765228271840065,0.01,0.44300956327383934,30.000000000000156,0.0,0.0
851,-1.0693092911660087,30,0.0008829981511883859,0.01,0.4410332732786232,3.0000000000000013,,
852,0.01112520266390632,300,0.0017398305967767694,0.01,0.446658466294608,30.000000000000156,,
853,0.5515150649668239,300,0.0018283239909384164,0.01,0.447990347300459,30.000000000000156,,
854,0.00041536550534854166,300,0.0019438139337532342,0.01,0.44257181742515966,30.000000000000156,,
855,0.0031642011854366436,300,0.0018216613871870325,0.01,0.4417165015426197,30.000000000000156,,
856,-0.5506419912122174,235,0.0017462246879665947,0.01,0.4389483707394872,23.500000000000064,,
857,0.5245326801415171,300,0.0016601859868226238,0.01,0.43363062645595685,30.000000000000156,,
858,0.00041640630424893965,300,0.0017023619612196769,0.01,0.43523913473646625,30.000000000000156,,
859,-0.5704478724471449,291,0.0016047189013489724,0.01,0.41654632228930755,29.100000000000144,,
860,0.5374135587780144,300,0.0016454470039994722,0.01,0.4131399225721603,30.000000000000156,,
861,0.019834103410671655,300,0.0016719944255769682,0.01,0.42180722345929317,30.000000000000156,,
862,0.038690754598292215,300,0.0014656911124462891,0.01,0.4294419591910031,30.000000000000156,,
863,0.5167116001543304,300,0.0017197158166447906,0.01,0.42748773648956745,30.000000000000156,,
864,1.5975526083081322,300,0.0017949770082701163,0.01,0.4259867278613818,30.000000000000156,,
865,0.5232667545590184,300,0.0016307116622052906,0.01,0.42758940161365266,30.000000000000156,,
866,0.013749999999999998,300,0.0017085296172214541,0.01,0.42816125070340394,30.000000000000156,,
867,0.5749918030569934,300,0.0014529453692451236,0.01,0.449425932039254,30.000000000000156,,
868,0.01835159348425247,300,0.001379566606039293,0.01,0.4582918356306241,30.000000000000156,,
869,0.5701539175880308,300,0.00154386697269115,0.01,0.4537662010103561,30.000000000000156,,
870,0.0006226580397814541,300,0.001379927698334639,0.01,0.45518219733298615,30.000000000000156,,
871,0.0008299505742143665,300,0.0017641752737365412,0.01,0.4526445500232004,30.000000000000156,,
872,0.0068725706015384525,300,0.0016223134946899231,0.01,0.4573642133494648,30.000000000000156,,
873,0.0007633681640534795,300,0.0013397884417242622,0.01,0.4687921754942396,30.000000000000156,,
874,0.5212282626190732,300,0.001457720184575148,0.01,0.4618592534575794,30.000000000000156,,
875,0.0038988405122692,300,0.0010530420915448896,0.01,0.46818175879263324,30.000000000000156,,
876,0.0014282819612494169,300,0.0010878462556057867,0.01,0.47955544225396984,30.000000000000156,,
877,-1.0778475215977812,71,0.0010830215122835866,0.01,0.4878840898758908,7.099999999999991,,
878,0.00041640630424893965,300,0.0011671726114802986,0.01,0.4880514341585636,30.000000000000156,,
879,-0.553820853114761,119,0.0009973107596338915,0.01,0.4823418144129214,11.899999999999974,,
880,0.00041536550534848615,300,0.0010571421593804987,0.01,0.4660467295223039,30.000000000000156,,
881,1.063084730612728,300,0.0011389736837204875,0.01,0.4711149285447416,30.000000000000156,,
882,0.0,300,0.0013371131339702266,0.01,0.47094442631430344,30.000000000000156,,
883,0.0008286520143514498,300,0.0009183730460146877,0.01,0.46912367689633383,30.000000000000156,,
884,0.00020807297091562926,300,0.001100198829779514,0.01,0.47670794276875045,30.000000000000156,,
885,0.5201546308577255,300,0.0010335625356966299,0.01,0.4920190891304122,30.000000000000156,,
886,0.008957918473300963,300,0.001067286894972492,0.01,0.47935084310679654,30.000000000000156,,
887,0.0,300,0.001118551299776952,0.01,0.4832374403120328,30.000000000000156,,
888,-0.5735288904351414,34,0.0006265991611888162,0.01,0.47573176981805976,3.4000000000000017,,
889,0.5074148725541454,300,0.001237339001857858,0.01,0.47395678673711394,30.000000000000156,,
890,0.015166745999859677,126,0.0016479054527848813,0.01,0.4697972738093778,12.599999999999971,,
891,0.002226330506557586,300,0.001284006903686377,0.01,0.4615932933131726,30.000000000000156,,
892,-0.5321484745512983,232,0.0011069250017224765,0.01,0.4535154634352285,23.20000000000006,,
893,0.0,300,0.0009945237424291676,0.01,0.4541413743915467,30.000000000000156,,
894,0.0,300,0.0013954253238738544,0.01,0.4442481296132417,30.000000000000156,,
895,1.080226514211565,300,0.001234852784781689,0.01,0.4510152888038995,30.000000000000156,,
896,-0.013696687873436808,224,0.0012890617805607367,0.01,0.4610322786528137,22.40000000000005,,
897,0.0010390643440303937,300,0.0015700679477351704,0.01,0.45790528387081497,30.000000000000156,,
898,1.0382820595029671,300,0.0013586590652067806,0.01,0.43998688539304237,30.000000000000156,,
899,0.005981582033638064,300,0.001247371409919134,0.01,0.43645131074321464,30.000000000000156,,
900,0.5315453101144517,300,0.001537039329672552,0.01,0.42661071967480874,30.000000000000156,0.0,0.0
901,-0.5183259815082714,182,0.0012461578244881203,0.01,0.4245790246360987,18.19999999999999,,
902,0.5232621078121438,300,0.0012745360161596061,0.01,0.4208414187078989,30.000000000000156,,
903,1.0662857370948073,300,0.0015596382812790932,0.01,0.43484411772021786,30.000000000000156,,
904,0.51316673632318,300,0.0015110727549290512,0.01,0.42219341612991046,30.000000000000156,,
905,0.0093055555555554,300,0.0015417022447618074,0.01,0.4097553150729422,30.000000000000156,,
906,0.0,300,0.0013653696344417317,0.01,0.39056604999361444,30.000000000000156,,
907,0.0012346893059247827,300,0.0017088853979928091,0.01,0.39091388858285847,30.000000000000156,,
908,-0.5682889515157208,162,0.0019377092506392842,0.01,0.39335172701988896,16.19999999999996,,
909,0.5301976936796837,300,0.0015259016986436523,0.01,0.39328060570557605,30.000000000000156,,
910,0.003746702076042163,300,0.0016866075571773686,0.01,0.3730153257268866,30.000000000000156,,
911,0.5453199508801096,300,0.0014676852214421403,0.01,0.3592157996392824,30.000000000000156,,
912,0.026771628494042243,300,0.0015971451578114908,0.01,0.3664594954710889,30.000000000000156,,
913,0.0006234384762641709,300,0.001314079882483472,0.01,0.3617738916751091,30.000000000000156,,
914,0.5120043046622522,300,0.0015171374389944302,0.01,0.35693275839472266,30.000000000000156,,
915,0.018472222222221835,300,0.0012586216632884007,0.01,0.35274838857672836,30.000000000000156,,
916,0.012886476340079944,300,0.000986463537663534,0.01,0.3565242096162451,30.000000000000156,,
917,0.5351617330143298,300,0.0015112647824807915,0.01,0.34224399560386315,30.000000000000156,,
918,0.029831495889667548,300,0.001269326547255683,0.01,0.33693222844088205,30.000000000000156,,
919,1.0710132857966221,300,0.0016157479815351213,0.01,0.33812858107725263,30.000000000000156,,
920,-0.594311289690983,238,0.0014871975204662996,0.01,0.32450640255751406,23.800000000000068,,
921,0.00123157730854212,300,0.0015809936039973631,0.01,0.31803486586989,30.000000000000156,,
922,0.0002080729709156015,300,0.0012676655089441512,0.01,0.3180376638767181,30.000000000000156,,
923,0.5059647584995814,300,0.0017915651596626151,0.01,0.3067606234537109,30.000000000000156,,
924,-1.0814041008385462,101,0.0010870327277922806,0.01,0.31056588955195563,10.09999999999998,,
925,0.014240851147243994,300,0.0011060238208472496,0.01,0.2982101438094848,30.000000000000156,,
926,0.0004161459418312585,300,0.0018304358860221101,0.01,0.30083475244489205,30.000000000000156,,
927,-1.0981065100642822,36,0.0010085047464721665,0.01,0.2936183116314156,3.600000000000002,,
928,0.028130207306290844,300,0.0012420363973737081,0.01,0.30620134780054525,30.000000000000156,,
929,0.5146420056210586,300,0.0010034900690555632,0.01,0.303544185076189,30.000000000000156,,
930,0.013239986673165671,300,0.0013739688127594773,0.01,0.30402284747202213,30.000000000000156,,
931,-0.5876927308021489,248,0.0010976091744401954,0.01,0.29340049137382535,24.800000000000082,,
932,0.0022198541219233675,300,0.0016100427974437917,0.01,0.27720696785838345,30.000000000000156,,
933,-0.5703985788117192,29,0.0009831407647973756,0.01,0.2720305186135961,2.9000000000000012,,
934,0.5306648281383844,300,0.001235924880916003,0.01,0.27514019824445585,30.000000000000156,,
935,0.002082118308717351,300,0.0010791275576817517,0.01,0.27431334872147045,30.000000000000156,,
936,0.5598730043707083,300,0.0011009537653256462,0.01,0.28458462689071545,30.000000000000156,,
937,0.5214330082387042,300,0.0011704114547311708,0.01,0.2848063347500979,30.000000000000156,,
938,0.0002080729709156015,300,0.001249787231243803,0.01,0.3034996922301062,30.000000000000156,,
939,0.5113763069163166,300,0.0012158604473305045,0.01,0.2993803887208415,30.000000000000156,,
940,0.5436955842546985,300,0.0008109959321179861,0.01,0.29078374168573673,30.000000000000156,,
941,0.012289844129742655,300,0.0007055301813127908,0.01,0.28562880826343234,30.000000000000156,,
942,0.01053575177722188,300,0.0008026933656571095,0.01,0.29161588687898965,30.000000000000156,,
943,0.003957032172015151,300,0.0007484211545008549,0.01,0.297625024488536,30.000000000000156,,
944,0.02240729716367676,300,0.0008159057342998821,0.01,0.29830097693899715,30.000000000000156,,
945,0.002196494389400061,300,0.0008876872302999254,0.01,0.3171833432091716,30.000000000000156,,
946,0.5500946653180661,300,0.0007836561441707294,0.01,0.3240949816796217,30.000000000000156,,
947,-0.5778600724181785,109,0.0004971535126199919,0.01,0.3221881549049379,10.899999999999977,,
948,0.01848389506075726,300,0.0009389717596976988,0.01,0.3122554553289135,30.000000000000156,,
949,0.001422127855236252,300,0.000932332055359709,0.01,0.3013496406822939,30.000000000000156,,
950,0.5335846480727144,300,0.0007244620654821082,0.01,0.2993128646479486,30.000000000000156,0.17927938488696404,0.25280936628996986
951,0.03382549877014651,300,0.0011721523282964912,0.01,0.29188331252845273,30.000000000000156,,
952,0.0,300,0.0007210013284130646,0.01,0.2869943526501009,30.000000000000156,,
953,0.0,300,0.0006992438623960409,0.01,0.29080267173666596,30.000000000000156,,
954,0.006799654007420608,300,0.0007312190119150084,0.01,0.2980422703248512,30.000000000000156,,
955,0.004508247703171708,300,0.0008712969756160219,0.01,0.292684209022125,30.000000000000156,,
956,0.004924654007420537,300,0.0007453908889266277,0.01,0.2857149931068964,30.000000000000156,,
957,-1.0985746512274126,39,0.0007401099223428623,0.01,0.28660780501504823,3.900000000000002,,
958,0.568885779006264,300,0.0007038820410636136,0.01,0.2894703893552686,30.000000000000156,,
959,-0.5738975571901618,147,0.0007797629733322098,0.01,0.2894978730373018,14.699999999999964,,
960,-0.0031928002096051067,150,0.0009979032005634732,0.01,0.29140307572977464,14.999999999999963,,
961,0.5093761388124245,300,0.0009285762879502516,0.01,0.2923116146788537,30.000000000000156,,
962,0.003873852867622596,300,0.0007552253151466762,0.01,0.29834715429476394,30.000000000000156,,
963,0.005901128815798906,300,0.0008109055224367669,0.01,0.29921631200354243,30.000000000000156,,
964,-0.5777492624254947,26,0.000905192470171338,0.01,0.2895489464471415,2.600000000000001,,
965,-0.5737323957015559,150,0.0011797975516333278,0.01,0.3020563815242275,14.999999999999963,,
966,0.0,300,0.0012704623500221425,0.01,0.3126789024988683,30.000000000000156,,
967,0.019200513172653588,300,0.0011020734301355824,0.01,0.32982313832947624,30.000000000000156,,
968,-0.585835620613693,95,0.0008023634083242377,0.01,0.34214122939091685,9.499999999999982,,
969,0.0025670143952123414,300,0.0013019983741108488,0.01,0.33691456811499765,30.000000000000156,,
970,-1.0762163023244464,167,0.0013129547330398292,0.01,0.3388466214812984,16.699999999999967,,
971,0.5615028940077803,300,0.001278209291496678,0.01,0.3414507948793101,30.000000000000156,,
972,0.016276641401745007,300,0.0009945883240509712,0.01,0.3481845131487589,30.000000000000156,,
973,1.06138847787793,300,0.0010204060620633607,0.01,0.3542153593574556,30.000000000000156,,
974,0.01139769994273121,300,0.0011406512861798473,0.01,0.34264063836897224,30.000000000000156,,
975,0.025725432310380658,300,0.0008253150573231571,0.01,0.3508206779259329,30.000000000000156,,
976,-0.598307714370024,139,0.0014627875124009703,0.01,0.34612271760966734,13.899999999999967,,
977,0.0018168589389805923,300,0.0012850711115619069,0.01,0.3371436334092906,30.000000000000156,,
978,0.0002083333333333659,300,0.0010854036349254533,0.01,0.323949999667128,30.000000000000156,,
979,0.01499077628738854,300,0.0012760130234863024,0.01,0.31706066946160183,30.000000000000156,,
980,0.0,300,0.0011266754773876168,0.01,0.3033692113954817,30.000000000000156,,
981,0.5079521892121093,300,0.0011854946326781937,0.01,0.3059323199566874,30.000000000000156,,
982,0.516704781831915,300,0.0015751781603971172,0.01,0.3174651154333022,30.000000000000156,,
983,-1.0979292905420277,24,0.0012688779786430209,0.01,0.33178842206058434,2.400000000000001,,
984,0.025096920548570795,300,0.0013566879339792321,0.01,0.3248509366029697,30.000000000000156,,
985,0.5823323890130879,300,0.0014740689750662892,0.01,0.31713760637436583,30.000000000000156,,
986,0.001778055913878085,300,0.0010066773367450603,0.01,0.31138942085320376,30.000000000000156,,
987,1.6022625306075384,300,0.00164241518448142,0.01,0.32518156380024676,30.000000000000156,,
988,-1.0652731307537289,64,0.002099842405369811,0.01,0.33087884894671676,6.399999999999993,,
989,1.5984826918595216,300,0.001705501712451641,0.01,0.33353248740823166,30.000000000000156,,
990,1.5970266491809717,300,0.001956449917379681,0.01,0.3453729218101765,30.000000000000156,,
991,0.5236703227479544,300,0.0017457185877800163,0.01,0.3641471285842516,30.000000000000156,,
992,0.0019621768963484776,250,0.002279126371892354,0.01,0.3732598684829961,25.000000000000085,,
993,0.5175092731694606,300,0.0024330309697521714,0.01,0.37786917473781384,30.000000000000156,,
994,0.0014365460604478242,300,0.0023255935091456154,0.01,0.37613853536418435,30.000000000000156,,
995,0.5583408513994372,300,0.001995738664242329,0.01,0.39813232523870357,30.000000000000156,,
996,0.001041666666666663,300,0.0022777924951487235,0.01,0.40934315772296703,30.000000000000156,,
997,0.5161483244291483,300,0.0021969380129273812,0.01,0.41881801164883303,30.000000000000156,,
998,-0.5749255165095715,102,0.0016927508743268635,0.01,0.42232545438186625,10.19999999999998,,
999,0.014025695529206461,300,0.001853344470840352,0.01,0.4243273981307731,30.000000000000156,,
1000,0.0,300,0.001965872961289006,0.01,0.43317100043829604,30.000000000000156,-0.0018886894076977079,0.0026710101754765067
